counts,weight,rate,n_flag,status,distinct
80000000,5.960464477539063e-08,0.8,20,converged,1
71000000,4.76837158203125e-07,0.76,19,converged,2
70100000,4.76837158203125e-07,0.84,21,converged,2
70010000,4.76837158203125e-07,0.8,20,cycled,2
70001000,4.76837158203125e-07,0.84,21,converged,2
70000100,4.76837158203125e-07,0.84,21,converged,2
70000010,4.76837158203125e-07,0.8,20,converged,2
70000001,4.76837158203125e-07,0.76,19,cycled,2
62000000,1.6689300537109375e-06,0.84,21,converged,2
61100000,3.337860107421875e-06,0.76,19,capped,3
61010000,3.337860107421875e-06,0.84,21,converged,3
61001000,3.337860107421875e-06,0.88,22,converged,3
61000100,3.337860107421875e-06,0.72,18,converged,3
61000010,3.337860107421875e-06,0.8,20,converged,3
61000001,3.337860107421875e-06,0.8,20,converged,3
60200000,1.6689300537109375e-06,0.76,19,cycled,2
60110000,3.337860107421875e-06,0.72,18,cycled,3
60101000,3.337860107421875e-06,0.84,21,converged,3
60100100,3.337860107421875e-06,0.8,20,converged,3
60100010,3.337860107421875e-06,0.8,20,converged,3
60100001,3.337860107421875e-06,0.84,21,converged,3
60020000,1.6689300537109375e-06,0.84,21,converged,2
60011000,3.337860107421875e-06,0.8,20,converged,3
60010100,3.337860107421875e-06,0.8,20,converged,3
60010010,3.337860107421875e-06,0.76,19,converged,3
60010001,3.337860107421875e-06,0.8,20,converged,3
60002000,1.6689300537109375e-06,0.88,22,converged,2
60001100,3.337860107421875e-06,0.8,20,converged,3
60001010,3.337860107421875e-06,0.84,21,converged,3
60001001,3.337860107421875e-06,0.8,20,converged,3
60000200,1.6689300537109375e-06,0.84,21,converged,2
60000110,3.337860107421875e-06,0.76,19,converged,3
60000101,3.337860107421875e-06,0.84,21,converged,3
60000020,1.6689300537109375e-06,0.8,20,converged,2
60000011,3.337860107421875e-06,0.76,19,converged,3
60000002,1.6689300537109375e-06,0.84,21,capped,2
53000000,3.337860107421875e-06,0.8,20,converged,2
52100000,1.0013580322265625e-05,0.76,19,converged,3
52010000,1.0013580322265625e-05,0.76,19,converged,3
52001000,1.0013580322265625e-05,0.84,21,converged,3
52000100,1.0013580322265625e-05,0.84,21,converged,3
52000010,1.0013580322265625e-05,0.76,19,converged,3
52000001,1.0013580322265625e-05,0.84,21,converged,3
51200000,1.0013580322265625e-05,0.84,21,converged,3
51110000,2.002716064453125e-05,0.8,20,cycled,4
51101000,2.002716064453125e-05,0.88,22,converged,4
51100100,2.002716064453125e-05,0.72,18,converged,4
51100010,2.002716064453125e-05,0.84,21,converged,4
51100001,2.002716064453125e-05,0.8,20,cycled,4
51020000,1.0013580322265625e-05,0.68,17,capped,3
51011000,2.002716064453125e-05,0.84,21,converged,4
51010100,2.002716064453125e-05,0.88,22,converged,4
51010010,2.002716064453125e-05,0.76,19,converged,4
51010001,2.002716064453125e-05,0.88,22,converged,4
51002000,1.0013580322265625e-05,0.88,22,converged,3
51001100,2.002716064453125e-05,0.84,21,converged,4
51001010,2.002716064453125e-05,0.84,21,converged,4
51001001,2.002716064453125e-05,0.84,21,converged,4
51000200,1.0013580322265625e-05,0.68,17,capped,3
51000110,2.002716064453125e-05,0.68,17,converged,4
51000101,2.002716064453125e-05,0.68,17,converged,4
51000020,1.0013580322265625e-05,0.76,19,converged,3
51000011,2.002716064453125e-05,0.72,18,capped,4
51000002,1.0013580322265625e-05,0.84,21,converged,3
50300000,3.337860107421875e-06,0.76,19,cycled,2
50210000,1.0013580322265625e-05,0.76,19,converged,3
50201000,1.0013580322265625e-05,0.76,19,cycled,3
50200100,1.0013580322265625e-05,0.76,19,cycled,3
50200010,1.0013580322265625e-05,0.8,20,converged,3
50200001,1.0013580322265625e-05,0.8,20,cycled,3
50120000,1.0013580322265625e-05,0.8,20,cycled,3
50111000,2.002716064453125e-05,0.84,21,converged,4
50110100,2.002716064453125e-05,0.72,18,converged,4
50110010,2.002716064453125e-05,0.84,21,converged,4
50110001,2.002716064453125e-05,0.8,20,converged,4
50102000,1.0013580322265625e-05,0.8,20,converged,3
50101100,2.002716064453125e-05,0.8,20,converged,4
50101010,2.002716064453125e-05,0.8,20,converged,4
50101001,2.002716064453125e-05,0.84,21,converged,4
50100200,1.0013580322265625e-05,0.84,21,converged,3
50100110,2.002716064453125e-05,0.76,19,converged,4
50100101,2.002716064453125e-05,0.84,21,converged,4
50100020,1.0013580322265625e-05,0.76,19,converged,3
50100011,2.002716064453125e-05,0.8,20,converged,4
50100002,1.0013580322265625e-05,0.76,19,converged,3
50030000,3.337860107421875e-06,0.72,18,capped,2
50021000,1.0013580322265625e-05,0.84,21,converged,3
50020100,1.0013580322265625e-05,0.84,21,converged,3
50020010,1.0013580322265625e-05,0.8,20,cycled,3
50020001,1.0013580322265625e-05,0.72,18,converged,3
50012000,1.0013580322265625e-05,0.8,20,converged,3
50011100,2.002716064453125e-05,0.84,21,converged,4
50011010,2.002716064453125e-05,0.76,19,converged,4
50011001,2.002716064453125e-05,0.8,20,converged,4
50010200,1.0013580322265625e-05,0.68,17,converged,3
50010110,2.002716064453125e-05,0.8,20,converged,4
50010101,2.002716064453125e-05,0.8,20,converged,4
50010020,1.0013580322265625e-05,0.72,18,converged,3
50010011,2.002716064453125e-05,0.72,18,converged,4
50010002,1.0013580322265625e-05,0.8,20,converged,3
50003000,3.337860107421875e-06,0.88,22,converged,2
50002100,1.0013580322265625e-05,0.84,21,converged,3
50002010,1.0013580322265625e-05,0.8,20,converged,3
50002001,1.0013580322265625e-05,0.84,21,converged,3
50001200,1.0013580322265625e-05,0.84,21,converged,3
50001110,2.002716064453125e-05,0.8,20,converged,4
50001101,2.002716064453125e-05,0.8,20,converged,4
50001020,1.0013580322265625e-05,0.8,20,converged,3
50001011,2.002716064453125e-05,0.76,19,converged,4
50001002,1.0013580322265625e-05,0.76,19,converged,3
50000300,3.337860107421875e-06,0.84,21,converged,2
50000210,1.0013580322265625e-05,0.72,18,converged,3
50000201,1.0013580322265625e-05,0.92,23,converged,3
50000120,1.0013580322265625e-05,0.68,17,capped,3
50000111,2.002716064453125e-05,0.76,19,converged,4
50000102,1.0013580322265625e-05,0.84,21,converged,3
50000030,3.337860107421875e-06,0.8,20,converged,2
50000021,1.0013580322265625e-05,0.76,19,converged,3
50000012,1.0013580322265625e-05,0.76,19,converged,3
50000003,3.337860107421875e-06,0.8,20,converged,2
44000000,4.172325134277344e-06,0.96,24,converged,2
43100000,1.6689300537109375e-05,0.84,21,converged,3
43010000,1.6689300537109375e-05,0.88,22,cycled,3
43001000,1.6689300537109375e-05,0.8,20,converged,3
43000100,1.6689300537109375e-05,0.92,23,converged,3
43000010,1.6689300537109375e-05,0.84,21,converged,3
43000001,1.6689300537109375e-05,0.8,20,cycled,3
42200000,2.5033950805664062e-05,0.8,20,converged,3
42110000,5.0067901611328125e-05,0.72,18,capped,4
42101000,5.0067901611328125e-05,0.88,22,converged,4
42100100,5.0067901611328125e-05,0.8,20,converged,4
42100010,5.0067901611328125e-05,0.84,21,converged,4
42100001,5.0067901611328125e-05,0.84,21,converged,4
42020000,2.5033950805664062e-05,0.84,21,converged,3
42011000,5.0067901611328125e-05,0.88,22,converged,4
42010100,5.0067901611328125e-05,0.76,19,capped,4
42010010,5.0067901611328125e-05,0.84,21,converged,4
42010001,5.0067901611328125e-05,0.84,21,converged,4
42002000,2.5033950805664062e-05,0.84,21,converged,3
42001100,5.0067901611328125e-05,0.88,22,converged,4
42001010,5.0067901611328125e-05,0.84,21,converged,4
42001001,5.0067901611328125e-05,0.84,21,converged,4
42000200,2.5033950805664062e-05,0.84,21,converged,3
42000110,5.0067901611328125e-05,0.68,17,capped,4
42000101,5.0067901611328125e-05,0.64,16,converged,4
42000020,2.5033950805664062e-05,0.84,21,converged,3
42000011,5.0067901611328125e-05,0.84,21,converged,4
42000002,2.5033950805664062e-05,0.92,23,cycled,3
41300000,1.6689300537109375e-05,0.8,20,converged,3
41210000,5.0067901611328125e-05,0.84,21,cycled,4
41201000,5.0067901611328125e-05,0.84,21,converged,4
41200100,5.0067901611328125e-05,0.72,18,converged,4
41200010,5.0067901611328125e-05,0.68,17,converged,4
41200001,5.0067901611328125e-05,0.84,21,converged,4
41120000,5.0067901611328125e-05,0.88,22,converged,4
41111000,0.00010013580322265625,0.84,21,converged,5
41110100,0.00010013580322265625,0.64,16,capped,5
41110010,0.00010013580322265625,0.88,22,converged,5
41110001,0.00010013580322265625,0.8,20,cycled,5
41102000,5.0067901611328125e-05,0.84,21,converged,4
41101100,0.00010013580322265625,0.88,22,converged,5
41101010,0.00010013580322265625,0.84,21,converged,5
41101001,0.00010013580322265625,0.84,21,converged,5
41100200,5.0067901611328125e-05,0.72,18,converged,4
41100110,0.00010013580322265625,0.64,16,converged,5
41100101,0.00010013580322265625,0.72,18,converged,5
41100020,5.0067901611328125e-05,0.8,20,converged,4
41100011,0.00010013580322265625,0.88,22,converged,5
41100002,5.0067901611328125e-05,0.88,22,converged,4
41030000,1.6689300537109375e-05,0.72,18,converged,3
41021000,5.0067901611328125e-05,0.8,20,converged,4
41020100,5.0067901611328125e-05,0.92,23,converged,4
41020010,5.0067901611328125e-05,0.8,20,converged,4
41020001,5.0067901611328125e-05,0.8,20,converged,4
41012000,5.0067901611328125e-05,0.84,21,converged,4
41011100,0.00010013580322265625,0.88,22,converged,5
41011010,0.00010013580322265625,0.76,19,converged,5
41011001,0.00010013580322265625,0.84,21,converged,5
41010200,5.0067901611328125e-05,0.84,21,converged,4
41010110,0.00010013580322265625,0.92,23,converged,5
41010101,0.00010013580322265625,0.6,15,converged,5
41010020,5.0067901611328125e-05,0.8,20,converged,4
41010011,0.00010013580322265625,0.84,21,converged,5
41010002,5.0067901611328125e-05,0.84,21,converged,4
41003000,1.6689300537109375e-05,0.88,22,converged,3
41002100,5.0067901611328125e-05,0.88,22,converged,4
41002010,5.0067901611328125e-05,0.84,21,converged,4
41002001,5.0067901611328125e-05,0.84,21,converged,4
41001200,5.0067901611328125e-05,0.8,20,converged,4
41001110,0.00010013580322265625,0.92,23,converged,5
41001101,0.00010013580322265625,0.72,18,converged,5
41001020,5.0067901611328125e-05,0.84,21,converged,4
41001011,0.00010013580322265625,0.88,22,converged,5
41001002,5.0067901611328125e-05,0.88,22,converged,4
41000300,1.6689300537109375e-05,0.92,23,converged,3
41000210,5.0067901611328125e-05,0.8,20,converged,4
41000201,5.0067901611328125e-05,0.72,18,converged,4
41000120,5.0067901611328125e-05,0.64,16,converged,4
41000111,0.00010013580322265625,0.6,15,converged,5
41000102,5.0067901611328125e-05,0.72,18,converged,4
41000030,1.6689300537109375e-05,0.8,20,converged,3
41000021,5.0067901611328125e-05,0.8,20,cycled,4
41000012,5.0067901611328125e-05,0.72,18,converged,4
41000003,1.6689300537109375e-05,0.8,20,converged,3
40400000,4.172325134277344e-06,0.8,20,converged,2
40310000,1.6689300537109375e-05,0.8,20,converged,3
40301000,1.6689300537109375e-05,0.8,20,converged,3
40300100,1.6689300537109375e-05,0.76,19,converged,3
40300010,1.6689300537109375e-05,0.76,19,converged,3
40300001,1.6689300537109375e-05,0.8,20,cycled,3
40220000,2.5033950805664062e-05,0.92,23,converged,3
40211000,5.0067901611328125e-05,0.8,20,cycled,4
40210100,5.0067901611328125e-05,0.76,19,converged,4
40210010,5.0067901611328125e-05,0.8,20,cycled,4
40210001,5.0067901611328125e-05,0.92,23,cycled,4
40202000,2.5033950805664062e-05,0.76,19,cycled,3
40201100,5.0067901611328125e-05,0.76,19,converged,4
40201010,5.0067901611328125e-05,0.76,19,converged,4
40201001,5.0067901611328125e-05,0.8,20,converged,4
40200200,2.5033950805664062e-05,0.88,22,converged,3
40200110,5.0067901611328125e-05,0.76,19,converged,4
40200101,5.0067901611328125e-05,0.76,19,converged,4
40200020,2.5033950805664062e-05,0.88,22,converged,3
40200011,5.0067901611328125e-05,0.8,20,converged,4
40200002,2.5033950805664062e-05,0.8,20,converged,3
40130000,1.6689300537109375e-05,0.84,21,converged,3
40121000,5.0067901611328125e-05,0.84,21,converged,4
40120100,5.0067901611328125e-05,0.88,22,converged,4
40120010,5.0067901611328125e-05,0.72,18,capped,4
40120001,5.0067901611328125e-05,0.8,20,cycled,4
40112000,5.0067901611328125e-05,0.84,21,converged,4
40111100,0.00010013580322265625,0.84,21,converged,5
40111010,0.00010013580322265625,0.84,21,converged,5
40111001,0.00010013580322265625,0.8,20,cycled,5
40110200,5.0067901611328125e-05,0.72,18,converged,4
40110110,0.00010013580322265625,0.64,16,converged,5
40110101,0.00010013580322265625,0.76,19,cycled,5
40110020,5.0067901611328125e-05,0.84,21,converged,4
40110011,0.00010013580322265625,0.72,18,converged,5
40110002,5.0067901611328125e-05,0.8,20,cycled,4
40103000,1.6689300537109375e-05,0.84,21,converged,3
40102100,5.0067901611328125e-05,0.8,20,converged,4
40102010,5.0067901611328125e-05,0.84,21,converged,4
40102001,5.0067901611328125e-05,0.8,20,cycled,4
40101200,5.0067901611328125e-05,0.84,21,converged,4
40101110,0.00010013580322265625,0.76,19,converged,5
40101101,0.00010013580322265625,0.76,19,cycled,5
40101020,5.0067901611328125e-05,0.8,20,converged,4
40101011,0.00010013580322265625,0.8,20,converged,5
40101002,5.0067901611328125e-05,0.8,20,converged,4
40100300,1.6689300537109375e-05,0.88,22,converged,3
40100210,5.0067901611328125e-05,0.72,18,capped,4
40100201,5.0067901611328125e-05,0.72,18,converged,4
40100120,5.0067901611328125e-05,0.64,16,capped,4
40100111,0.00010013580322265625,0.68,17,converged,5
40100102,5.0067901611328125e-05,0.8,20,converged,4
40100030,1.6689300537109375e-05,0.76,19,converged,3
40100021,5.0067901611328125e-05,0.76,19,converged,4
40100012,5.0067901611328125e-05,0.8,20,converged,4
40100003,1.6689300537109375e-05,0.8,20,converged,3
40040000,4.172325134277344e-06,0.6,15,capped,2
40031000,1.6689300537109375e-05,0.68,17,converged,3
40030100,1.6689300537109375e-05,0.88,22,converged,3
40030010,1.6689300537109375e-05,0.84,21,converged,3
40030001,1.6689300537109375e-05,0.84,21,converged,3
40022000,2.5033950805664062e-05,0.84,21,converged,3
40021100,5.0067901611328125e-05,0.84,21,converged,4
40021010,5.0067901611328125e-05,0.76,19,converged,4
40021001,5.0067901611328125e-05,0.84,21,converged,4
40020200,2.5033950805664062e-05,0.84,21,converged,3
40020110,5.0067901611328125e-05,0.88,22,converged,4
40020101,5.0067901611328125e-05,0.84,21,converged,4
40020020,2.5033950805664062e-05,0.84,21,converged,3
40020011,5.0067901611328125e-05,0.72,18,converged,4
40020002,2.5033950805664062e-05,0.8,20,converged,3
40013000,1.6689300537109375e-05,0.84,21,converged,3
40012100,5.0067901611328125e-05,0.84,21,converged,4
40012010,5.0067901611328125e-05,0.84,21,converged,4
40012001,5.0067901611328125e-05,0.84,21,converged,4
40011200,5.0067901611328125e-05,0.76,19,converged,4
40011110,0.00010013580322265625,0.92,23,converged,5
40011101,0.00010013580322265625,0.84,21,converged,5
40011020,5.0067901611328125e-05,0.76,19,converged,4
40011011,0.00010013580322265625,0.72,18,converged,5
40011002,5.0067901611328125e-05,0.76,19,converged,4
40010300,1.6689300537109375e-05,0.96,24,converged,3
40010210,5.0067901611328125e-05,0.84,21,capped,4
40010201,5.0067901611328125e-05,0.8,20,capped,4
40010120,5.0067901611328125e-05,0.68,17,converged,4
40010111,0.00010013580322265625,0.64,16,converged,5
40010102,5.0067901611328125e-05,0.84,21,converged,4
40010030,1.6689300537109375e-05,0.8,20,converged,3
40010021,5.0067901611328125e-05,0.68,17,converged,4
40010012,5.0067901611328125e-05,0.68,17,converged,4
40010003,1.6689300537109375e-05,0.76,19,converged,3
40004000,4.172325134277344e-06,0.84,21,converged,2
40003100,1.6689300537109375e-05,0.84,21,converged,3
40003010,1.6689300537109375e-05,0.84,21,converged,3
40003001,1.6689300537109375e-05,0.84,21,converged,3
40002200,2.5033950805664062e-05,0.84,21,converged,3
40002110,5.0067901611328125e-05,0.84,21,converged,4
40002101,5.0067901611328125e-05,0.84,21,converged,4
40002020,2.5033950805664062e-05,0.72,18,converged,3
40002011,5.0067901611328125e-05,0.8,20,converged,4
40002002,2.5033950805664062e-05,0.8,20,converged,3
40001300,1.6689300537109375e-05,0.84,21,converged,3
40001210,5.0067901611328125e-05,0.88,22,converged,4
40001201,5.0067901611328125e-05,0.96,24,converged,4
40001120,5.0067901611328125e-05,0.8,20,converged,4
40001111,0.00010013580322265625,0.84,21,converged,5
40001102,5.0067901611328125e-05,0.84,21,converged,4
40001030,1.6689300537109375e-05,0.76,19,cycled,3
40001021,5.0067901611328125e-05,0.76,19,converged,4
40001012,5.0067901611328125e-05,0.76,19,converged,4
40001003,1.6689300537109375e-05,0.72,18,converged,3
40000400,4.172325134277344e-06,0.88,22,converged,2
40000310,1.6689300537109375e-05,0.88,22,converged,3
40000301,1.6689300537109375e-05,0.8,20,converged,3
40000220,2.5033950805664062e-05,0.88,22,converged,3
40000211,5.0067901611328125e-05,0.76,19,capped,4
40000202,2.5033950805664062e-05,0.72,18,converged,3
40000130,1.6689300537109375e-05,0.68,17,converged,3
40000121,5.0067901611328125e-05,0.64,16,converged,4
40000112,5.0067901611328125e-05,0.72,18,converged,4
40000103,1.6689300537109375e-05,0.84,21,converged,3
40000040,4.172325134277344e-06,0.88,22,converged,2
40000031,1.6689300537109375e-05,0.68,17,cycled,3
40000022,2.5033950805664062e-05,0.68,17,converged,3
40000013,1.6689300537109375e-05,0.72,18,converged,3
40000004,4.172325134277344e-06,0.72,18,converged,2
35000000,3.337860107421875e-06,0.88,22,converged,2
34100000,1.6689300537109375e-05,0.96,24,converged,3
34010000,1.6689300537109375e-05,0.92,23,converged,3
34001000,1.6689300537109375e-05,0.96,24,converged,3
34000100,1.6689300537109375e-05,0.84,21,converged,3
34000010,1.6689300537109375e-05,0.88,22,converged,3
34000001,1.6689300537109375e-05,0.84,21,converged,3
33200000,3.337860107421875e-05,1.0,25,converged,3
33110000,6.67572021484375e-05,0.96,24,converged,4
33101000,6.67572021484375e-05,1.0,25,converged,4
33100100,6.67572021484375e-05,0.84,21,cycled,4
33100010,6.67572021484375e-05,0.96,24,converged,4
33100001,6.67572021484375e-05,0.84,21,converged,4
33020000,3.337860107421875e-05,0.92,23,converged,3
33011000,6.67572021484375e-05,0.92,23,converged,4
33010100,6.67572021484375e-05,0.84,21,converged,4
33010010,6.67572021484375e-05,0.8,20,converged,4
33010001,6.67572021484375e-05,0.84,21,converged,4
33002000,3.337860107421875e-05,0.96,24,converged,3
33001100,6.67572021484375e-05,0.88,22,converged,4
33001010,6.67572021484375e-05,0.88,22,converged,4
33001001,6.67572021484375e-05,0.84,21,converged,4
33000200,3.337860107421875e-05,0.96,24,cycled,3
33000110,6.67572021484375e-05,0.84,21,converged,4
33000101,6.67572021484375e-05,0.88,22,converged,4
33000020,3.337860107421875e-05,0.84,21,converged,3
33000011,6.67572021484375e-05,0.84,21,converged,4
33000002,3.337860107421875e-05,0.84,21,converged,3
32300000,3.337860107421875e-05,1.0,25,converged,3
32210000,0.00010013580322265625,0.92,23,converged,4
32201000,0.00010013580322265625,0.72,18,capped,4
32200100,0.00010013580322265625,0.84,21,converged,4
32200010,0.00010013580322265625,0.96,24,converged,4
32200001,0.00010013580322265625,0.92,23,converged,4
32120000,0.00010013580322265625,0.92,23,converged,4
32111000,0.0002002716064453125,0.92,23,converged,5
32110100,0.0002002716064453125,0.8,20,converged,5
32110010,0.0002002716064453125,0.88,22,converged,5
32110001,0.0002002716064453125,0.84,21,converged,5
32102000,0.00010013580322265625,0.96,24,converged,4
32101100,0.0002002716064453125,0.88,22,converged,5
32101010,0.0002002716064453125,0.92,23,converged,5
32101001,0.0002002716064453125,0.92,23,converged,5
32100200,0.00010013580322265625,0.88,22,cycled,4
32100110,0.0002002716064453125,0.88,22,converged,5
32100101,0.0002002716064453125,0.68,17,capped,5
32100020,0.00010013580322265625,0.84,21,converged,4
32100011,0.0002002716064453125,0.84,21,converged,5
32100002,0.00010013580322265625,0.88,22,converged,4
32030000,3.337860107421875e-05,0.84,21,converged,3
32021000,0.00010013580322265625,0.92,23,converged,4
32020100,0.00010013580322265625,0.84,21,converged,4
32020010,0.00010013580322265625,0.84,21,converged,4
32020001,0.00010013580322265625,0.84,21,converged,4
32012000,0.00010013580322265625,0.88,22,converged,4
32011100,0.0002002716064453125,0.8,20,converged,5
32011010,0.0002002716064453125,0.84,21,converged,5
32011001,0.0002002716064453125,0.84,21,converged,5
32010200,0.00010013580322265625,0.88,22,converged,4
32010110,0.0002002716064453125,0.8,20,converged,5
32010101,0.0002002716064453125,0.84,21,converged,5
32010020,0.00010013580322265625,0.8,20,converged,4
32010011,0.0002002716064453125,0.84,21,converged,5
32010002,0.00010013580322265625,0.84,21,converged,4
32003000,3.337860107421875e-05,0.76,19,capped,3
32002100,0.00010013580322265625,0.88,22,converged,4
32002010,0.00010013580322265625,0.84,21,converged,4
32002001,0.00010013580322265625,0.84,21,converged,4
32001200,0.00010013580322265625,0.84,21,converged,4
32001110,0.0002002716064453125,0.72,18,capped,5
32001101,0.0002002716064453125,0.8,20,converged,5
32001020,0.00010013580322265625,0.84,21,converged,4
32001011,0.0002002716064453125,0.8,20,converged,5
32001002,0.00010013580322265625,0.88,22,converged,4
32000300,3.337860107421875e-05,0.96,24,converged,3
32000210,0.00010013580322265625,0.88,22,cycled,4
32000201,0.00010013580322265625,0.84,21,converged,4
32000120,0.00010013580322265625,0.88,22,converged,4
32000111,0.0002002716064453125,0.92,23,converged,5
32000102,0.00010013580322265625,1.0,25,converged,4
32000030,3.337860107421875e-05,0.8,20,converged,3
32000021,0.00010013580322265625,0.84,21,converged,4
32000012,0.00010013580322265625,0.88,22,converged,4
32000003,3.337860107421875e-05,0.88,22,converged,3
31400000,1.6689300537109375e-05,0.8,20,converged,3
31310000,6.67572021484375e-05,1.0,25,converged,4
31301000,6.67572021484375e-05,0.8,20,converged,4
31300100,6.67572021484375e-05,0.88,22,cycled,4
31300010,6.67572021484375e-05,0.96,24,converged,4
31300001,6.67572021484375e-05,0.92,23,converged,4
31220000,0.00010013580322265625,0.92,23,converged,4
31211000,0.0002002716064453125,1.0,25,cycled,5
31210100,0.0002002716064453125,0.88,22,converged,5
31210010,0.0002002716064453125,0.88,22,converged,5
31210001,0.0002002716064453125,0.96,24,converged,5
31202000,0.00010013580322265625,0.88,22,converged,4
31201100,0.0002002716064453125,0.72,18,capped,5
31201010,0.0002002716064453125,0.92,23,cycled,5
31201001,0.0002002716064453125,0.84,21,converged,5
31200200,0.00010013580322265625,0.8,20,converged,4
31200110,0.0002002716064453125,0.92,23,converged,5
31200101,0.0002002716064453125,0.72,18,capped,5
31200020,0.00010013580322265625,0.88,22,converged,4
31200011,0.0002002716064453125,0.88,22,converged,5
31200002,0.00010013580322265625,0.88,22,converged,4
31130000,6.67572021484375e-05,0.76,19,converged,4
31121000,0.0002002716064453125,0.88,22,capped,5
31120100,0.0002002716064453125,1.0,25,converged,5
31120010,0.0002002716064453125,0.84,21,converged,5
31120001,0.0002002716064453125,0.88,22,converged,5
31112000,0.0002002716064453125,0.84,21,converged,5
31111100,0.000400543212890625,0.92,23,converged,6
31111010,0.000400543212890625,0.84,21,converged,6
31111001,0.000400543212890625,0.88,22,cycled,6
31110200,0.0002002716064453125,0.88,22,converged,5
31110110,0.000400543212890625,0.96,24,converged,6
31110101,0.000400543212890625,0.96,24,converged,6
31110020,0.0002002716064453125,0.84,21,cycled,5
31110011,0.000400543212890625,0.84,21,converged,6
31110002,0.0002002716064453125,0.88,22,converged,5
31103000,6.67572021484375e-05,0.92,23,converged,4
31102100,0.0002002716064453125,0.88,22,converged,5
31102010,0.0002002716064453125,0.92,23,converged,5
31102001,0.0002002716064453125,0.88,22,converged,5
31101200,0.0002002716064453125,0.84,21,converged,5
31101110,0.000400543212890625,0.92,23,converged,6
31101101,0.000400543212890625,0.84,21,cycled,6
31101020,0.0002002716064453125,0.84,21,converged,5
31101011,0.000400543212890625,0.84,21,converged,6
31101002,0.0002002716064453125,0.92,23,converged,5
31100300,6.67572021484375e-05,0.96,24,converged,4
31100210,0.0002002716064453125,0.88,22,converged,5
31100201,0.0002002716064453125,0.76,19,converged,5
31100120,0.0002002716064453125,0.96,24,converged,5
31100111,0.000400543212890625,0.6,15,cycled,6
31100102,0.0002002716064453125,0.68,17,converged,5
31100030,6.67572021484375e-05,0.76,19,converged,4
31100021,0.0002002716064453125,0.8,20,converged,5
31100012,0.0002002716064453125,0.88,22,converged,5
31100003,6.67572021484375e-05,0.8,20,cycled,4
31040000,1.6689300537109375e-05,0.8,20,converged,3
31031000,6.67572021484375e-05,0.76,19,converged,4
31030100,6.67572021484375e-05,0.8,20,converged,4
31030010,6.67572021484375e-05,0.8,20,converged,4
31030001,6.67572021484375e-05,0.92,23,converged,4
31022000,0.00010013580322265625,0.84,21,converged,4
31021100,0.0002002716064453125,0.88,22,converged,5
31021010,0.0002002716064453125,0.84,21,converged,5
31021001,0.0002002716064453125,0.84,21,converged,5
31020200,0.00010013580322265625,0.88,22,converged,4
31020110,0.0002002716064453125,0.92,23,converged,5
31020101,0.0002002716064453125,0.88,22,converged,5
31020020,0.00010013580322265625,0.84,21,converged,4
31020011,0.0002002716064453125,0.84,21,converged,5
31020002,0.00010013580322265625,0.8,20,cycled,4
31013000,6.67572021484375e-05,0.84,21,converged,4
31012100,0.0002002716064453125,0.92,23,converged,5
31012010,0.0002002716064453125,0.84,21,converged,5
31012001,0.0002002716064453125,0.84,21,converged,5
31011200,0.0002002716064453125,0.84,21,converged,5
31011110,0.000400543212890625,0.92,23,converged,6
31011101,0.000400543212890625,0.92,23,converged,6
31011020,0.0002002716064453125,0.84,21,converged,5
31011011,0.000400543212890625,0.84,21,converged,6
31011002,0.0002002716064453125,0.88,22,cycled,5
31010300,6.67572021484375e-05,0.96,24,converged,4
31010210,0.0002002716064453125,0.92,23,converged,5
31010201,0.0002002716064453125,0.84,21,converged,5
31010120,0.0002002716064453125,0.92,23,converged,5
31010111,0.000400543212890625,0.88,22,converged,6
31010102,0.0002002716064453125,0.96,24,converged,5
31010030,6.67572021484375e-05,0.84,21,converged,4
31010021,0.0002002716064453125,0.88,22,converged,5
31010012,0.0002002716064453125,0.88,22,converged,5
31010003,6.67572021484375e-05,0.92,23,converged,4
31004000,1.6689300537109375e-05,0.84,21,converged,3
31003100,6.67572021484375e-05,0.84,21,converged,4
31003010,6.67572021484375e-05,0.8,20,converged,4
31003001,6.67572021484375e-05,0.8,20,converged,4
31002200,0.00010013580322265625,0.96,24,converged,4
31002110,0.0002002716064453125,0.88,22,converged,5
31002101,0.0002002716064453125,0.88,22,converged,5
31002020,0.00010013580322265625,0.8,20,converged,4
31002011,0.0002002716064453125,0.76,19,converged,5
31002002,0.00010013580322265625,0.84,21,converged,4
31001300,6.67572021484375e-05,0.88,22,converged,4
31001210,0.0002002716064453125,0.92,23,converged,5
31001201,0.0002002716064453125,0.84,21,converged,5
31001120,0.0002002716064453125,0.68,17,converged,5
31001111,0.000400543212890625,0.6,15,capped,6
31001102,0.0002002716064453125,0.8,20,converged,5
31001030,6.67572021484375e-05,0.8,20,converged,4
31001021,0.0002002716064453125,0.88,22,converged,5
31001012,0.0002002716064453125,0.8,20,converged,5
31001003,6.67572021484375e-05,0.8,20,converged,4
31000400,1.6689300537109375e-05,0.96,24,converged,3
31000310,6.67572021484375e-05,0.92,23,converged,4
31000301,6.67572021484375e-05,0.88,22,converged,4
31000220,0.00010013580322265625,0.84,21,converged,4
31000211,0.0002002716064453125,0.92,23,converged,5
31000202,0.00010013580322265625,0.8,20,converged,4
31000130,6.67572021484375e-05,0.76,19,converged,4
31000121,0.0002002716064453125,0.6,15,capped,5
31000112,0.0002002716064453125,0.6,15,capped,5
31000103,6.67572021484375e-05,0.8,20,capped,4
31000040,1.6689300537109375e-05,0.84,21,converged,3
31000031,6.67572021484375e-05,0.84,21,converged,4
31000022,0.00010013580322265625,0.84,21,converged,4
31000013,6.67572021484375e-05,0.68,17,capped,4
31000004,1.6689300537109375e-05,0.72,18,converged,3
30500000,3.337860107421875e-06,0.92,23,converged,2
30410000,1.6689300537109375e-05,0.84,21,converged,3
30401000,1.6689300537109375e-05,0.88,22,converged,3
30400100,1.6689300537109375e-05,0.88,22,converged,3
30400010,1.6689300537109375e-05,0.8,20,converged,3
30400001,1.6689300537109375e-05,0.84,21,converged,3
30320000,3.337860107421875e-05,1.0,25,converged,3
30311000,6.67572021484375e-05,1.0,25,converged,4
30310100,6.67572021484375e-05,0.88,22,converged,4
30310010,6.67572021484375e-05,0.84,21,cycled,4
30310001,6.67572021484375e-05,0.96,24,converged,4
30302000,3.337860107421875e-05,0.88,22,converged,3
30301100,6.67572021484375e-05,0.76,19,converged,4
30301010,6.67572021484375e-05,0.8,20,converged,4
30301001,6.67572021484375e-05,0.84,21,converged,4
30300200,3.337860107421875e-05,0.72,18,converged,3
30300110,6.67572021484375e-05,0.92,23,converged,4
30300101,6.67572021484375e-05,0.88,22,converged,4
30300020,3.337860107421875e-05,0.96,24,converged,3
30300011,6.67572021484375e-05,0.88,22,converged,4
30300002,3.337860107421875e-05,0.84,21,converged,3
30230000,3.337860107421875e-05,0.92,23,converged,3
30221000,0.00010013580322265625,0.96,24,converged,4
30220100,0.00010013580322265625,0.84,21,converged,4
30220010,0.00010013580322265625,0.88,22,cycled,4
30220001,0.00010013580322265625,0.96,24,converged,4
30212000,0.00010013580322265625,0.88,22,converged,4
30211100,0.0002002716064453125,0.88,22,converged,5
30211010,0.0002002716064453125,0.84,21,cycled,5
30211001,0.0002002716064453125,0.92,23,cycled,5
30210200,0.00010013580322265625,0.76,19,converged,4
30210110,0.0002002716064453125,0.92,23,converged,5
30210101,0.0002002716064453125,0.8,20,converged,5
30210020,0.00010013580322265625,0.88,22,converged,4
30210011,0.0002002716064453125,0.92,23,converged,5
30210002,0.00010013580322265625,0.8,20,cycled,4
30203000,3.337860107421875e-05,0.8,20,converged,3
30202100,0.00010013580322265625,0.8,20,converged,4
30202010,0.00010013580322265625,0.8,20,converged,4
30202001,0.00010013580322265625,0.84,21,converged,4
30201200,0.00010013580322265625,0.72,18,converged,4
30201110,0.0002002716064453125,0.72,18,converged,5
30201101,0.0002002716064453125,0.76,19,converged,5
30201020,0.00010013580322265625,0.84,21,converged,4
30201011,0.0002002716064453125,0.84,21,converged,5
30201002,0.00010013580322265625,0.88,22,converged,4
30200300,3.337860107421875e-05,0.88,22,converged,3
30200210,0.00010013580322265625,0.8,20,capped,4
30200201,0.00010013580322265625,0.72,18,converged,4
30200120,0.00010013580322265625,0.64,16,converged,4
30200111,0.0002002716064453125,0.72,18,converged,5
30200102,0.00010013580322265625,0.76,19,converged,4
30200030,3.337860107421875e-05,0.8,20,converged,3
30200021,0.00010013580322265625,0.88,22,converged,4
30200012,0.00010013580322265625,0.8,20,capped,4
30200003,3.337860107421875e-05,0.76,19,converged,3
30140000,1.6689300537109375e-05,0.52,13,capped,3
30131000,6.67572021484375e-05,0.64,16,capped,4
30130100,6.67572021484375e-05,0.92,23,converged,4
30130010,6.67572021484375e-05,0.84,21,converged,4
30130001,6.67572021484375e-05,0.88,22,capped,4
30122000,0.00010013580322265625,0.88,22,converged,4
30121100,0.0002002716064453125,0.92,23,converged,5
30121010,0.0002002716064453125,0.84,21,converged,5
30121001,0.0002002716064453125,0.88,22,cycled,5
30120200,0.00010013580322265625,0.8,20,converged,4
30120110,0.0002002716064453125,0.92,23,converged,5
30120101,0.0002002716064453125,0.84,21,converged,5
30120020,0.00010013580322265625,0.8,20,converged,4
30120011,0.0002002716064453125,0.84,21,cycled,5
30120002,0.00010013580322265625,0.88,22,capped,4
30113000,6.67572021484375e-05,0.84,21,converged,4
30112100,0.0002002716064453125,0.84,21,converged,5
30112010,0.0002002716064453125,0.84,21,converged,5
30112001,0.0002002716064453125,0.84,21,converged,5
30111200,0.0002002716064453125,0.76,19,converged,5
30111110,0.000400543212890625,0.92,23,converged,6
30111101,0.000400543212890625,0.84,21,converged,6
30111020,0.0002002716064453125,0.84,21,converged,5
30111011,0.000400543212890625,0.88,22,converged,6
30111002,0.0002002716064453125,0.88,22,converged,5
30110300,6.67572021484375e-05,0.92,23,converged,4
30110210,0.0002002716064453125,0.76,19,capped,5
30110201,0.0002002716064453125,0.84,21,converged,5
30110120,0.0002002716064453125,0.92,23,converged,5
30110111,0.000400543212890625,0.92,23,converged,6
30110102,0.0002002716064453125,0.72,18,capped,5
30110030,6.67572021484375e-05,0.8,20,converged,4
30110021,0.0002002716064453125,0.88,22,converged,5
30110012,0.0002002716064453125,0.84,21,cycled,5
30110003,6.67572021484375e-05,0.8,20,cycled,4
30104000,1.6689300537109375e-05,0.84,21,converged,3
30103100,6.67572021484375e-05,0.84,21,converged,4
30103010,6.67572021484375e-05,0.84,21,converged,4
30103001,6.67572021484375e-05,0.8,20,converged,4
30102200,0.00010013580322265625,0.92,23,converged,4
30102110,0.0002002716064453125,0.88,22,converged,5
30102101,0.0002002716064453125,0.76,19,converged,5
30102020,0.00010013580322265625,0.84,21,converged,4
30102011,0.0002002716064453125,0.8,20,converged,5
30102002,0.00010013580322265625,0.84,21,converged,4
30101300,6.67572021484375e-05,0.88,22,converged,4
30101210,0.0002002716064453125,0.92,23,converged,5
30101201,0.0002002716064453125,0.88,22,converged,5
30101120,0.0002002716064453125,0.72,18,converged,5
30101111,0.000400543212890625,0.68,17,capped,6
30101102,0.0002002716064453125,0.76,19,converged,5
30101030,6.67572021484375e-05,0.72,18,converged,4
30101021,0.0002002716064453125,0.8,20,converged,5
30101012,0.0002002716064453125,0.76,19,converged,5
30101003,6.67572021484375e-05,0.72,18,cycled,4
30100400,1.6689300537109375e-05,0.96,24,converged,3
30100310,6.67572021484375e-05,0.96,24,converged,4
30100301,6.67572021484375e-05,0.84,21,converged,4
30100220,0.00010013580322265625,0.88,22,converged,4
30100211,0.0002002716064453125,0.84,21,converged,5
30100202,0.00010013580322265625,0.8,20,converged,4
30100130,6.67572021484375e-05,0.72,18,cycled,4
30100121,0.0002002716064453125,0.64,16,converged,5
30100112,0.0002002716064453125,0.8,20,converged,5
30100103,6.67572021484375e-05,0.72,18,converged,4
30100040,1.6689300537109375e-05,0.8,20,converged,3
30100031,6.67572021484375e-05,0.68,17,converged,4
30100022,0.00010013580322265625,0.68,17,converged,4
30100013,6.67572021484375e-05,0.76,19,converged,4
30100004,1.6689300537109375e-05,0.72,18,cycled,3
30050000,3.337860107421875e-06,0.96,24,converged,2
30041000,1.6689300537109375e-05,0.76,19,converged,3
30040100,1.6689300537109375e-05,1.0,25,converged,3
30040010,1.6689300537109375e-05,0.88,22,converged,3
30040001,1.6689300537109375e-05,0.92,23,converged,3
30032000,3.337860107421875e-05,0.76,19,converged,3
30031100,6.67572021484375e-05,0.92,23,converged,4
30031010,6.67572021484375e-05,0.8,20,converged,4
30031001,6.67572021484375e-05,0.68,17,capped,4
30030200,3.337860107421875e-05,0.92,23,converged,3
30030110,6.67572021484375e-05,0.88,22,converged,4
30030101,6.67572021484375e-05,0.88,22,converged,4
30030020,3.337860107421875e-05,0.88,22,converged,3
30030011,6.67572021484375e-05,0.88,22,converged,4
30030002,3.337860107421875e-05,0.84,21,converged,3
30023000,3.337860107421875e-05,0.8,20,converged,3
30022100,0.00010013580322265625,0.88,22,converged,4
30022010,0.00010013580322265625,0.72,18,capped,4
30022001,0.00010013580322265625,0.84,21,converged,4
30021200,0.00010013580322265625,0.84,21,converged,4
30021110,0.0002002716064453125,0.88,22,converged,5
30021101,0.0002002716064453125,0.88,22,converged,5
30021020,0.00010013580322265625,0.8,20,converged,4
30021011,0.0002002716064453125,0.84,21,converged,5
30021002,0.00010013580322265625,0.8,20,capped,4
30020300,3.337860107421875e-05,0.96,24,converged,3
30020210,0.00010013580322265625,0.88,22,converged,4
30020201,0.00010013580322265625,0.84,21,converged,4
30020120,0.00010013580322265625,0.76,19,converged,4
30020111,0.0002002716064453125,0.88,22,converged,5
30020102,0.00010013580322265625,0.84,21,converged,4
30020030,3.337860107421875e-05,0.88,22,converged,3
30020021,0.00010013580322265625,0.84,21,converged,4
30020012,0.00010013580322265625,0.8,20,converged,4
30020003,3.337860107421875e-05,0.84,21,converged,3
30014000,1.6689300537109375e-05,0.84,21,converged,3
30013100,6.67572021484375e-05,0.84,21,converged,4
30013010,6.67572021484375e-05,0.84,21,converged,4
30013001,6.67572021484375e-05,0.84,21,converged,4
30012200,0.00010013580322265625,0.8,20,converged,4
30012110,0.0002002716064453125,0.92,23,converged,5
30012101,0.0002002716064453125,0.84,21,converged,5
30012020,0.00010013580322265625,0.84,21,converged,4
30012011,0.0002002716064453125,0.84,21,converged,5
30012002,0.00010013580322265625,0.88,22,converged,4
30011300,6.67572021484375e-05,0.92,23,converged,4
30011210,0.0002002716064453125,0.92,23,converged,5
30011201,0.0002002716064453125,0.8,20,capped,5
30011120,0.0002002716064453125,0.92,23,converged,5
30011111,0.000400543212890625,0.88,22,converged,6
30011102,0.0002002716064453125,0.84,21,converged,5
30011030,6.67572021484375e-05,0.76,19,converged,4
30011021,0.0002002716064453125,0.8,20,converged,5
30011012,0.0002002716064453125,0.72,18,capped,5
30011003,6.67572021484375e-05,0.8,20,cycled,4
30010400,1.6689300537109375e-05,0.96,24,converged,3
30010310,6.67572021484375e-05,0.96,24,converged,4
30010301,6.67572021484375e-05,0.88,22,converged,4
30010220,0.00010013580322265625,0.88,22,converged,4
30010211,0.0002002716064453125,0.88,22,converged,5
30010202,0.00010013580322265625,0.76,19,capped,4
30010130,6.67572021484375e-05,0.76,19,converged,4
30010121,0.0002002716064453125,0.84,21,converged,5
30010112,0.0002002716064453125,0.8,20,converged,5
30010103,6.67572021484375e-05,0.8,20,converged,4
30010040,1.6689300537109375e-05,0.84,21,converged,3
30010031,6.67572021484375e-05,0.8,20,converged,4
30010022,0.00010013580322265625,0.64,16,converged,4
30010013,6.67572021484375e-05,0.68,17,converged,4
30010004,1.6689300537109375e-05,0.76,19,converged,3
30005000,3.337860107421875e-06,0.8,20,converged,2
30004100,1.6689300537109375e-05,0.84,21,converged,3
30004010,1.6689300537109375e-05,0.8,20,converged,3
30004001,1.6689300537109375e-05,0.84,21,converged,3
30003200,3.337860107421875e-05,0.92,23,converged,3
30003110,6.67572021484375e-05,0.8,20,converged,4
30003101,6.67572021484375e-05,0.84,21,converged,4
30003020,3.337860107421875e-05,0.76,19,capped,3
30003011,6.67572021484375e-05,0.8,20,converged,4
30003002,3.337860107421875e-05,0.8,20,converged,3
30002300,3.337860107421875e-05,0.84,21,converged,3
30002210,0.00010013580322265625,0.84,21,converged,4
30002201,0.00010013580322265625,0.8,20,converged,4
30002120,0.00010013580322265625,0.72,18,converged,4
30002111,0.0002002716064453125,0.8,20,converged,5
30002102,0.00010013580322265625,0.72,18,converged,4
30002030,3.337860107421875e-05,0.76,19,capped,3
30002021,0.00010013580322265625,0.72,18,converged,4
30002012,0.00010013580322265625,0.8,20,converged,4
30002003,3.337860107421875e-05,0.8,20,cycled,3
30001400,1.6689300537109375e-05,0.92,23,converged,3
30001310,6.67572021484375e-05,0.96,24,converged,4
30001301,6.67572021484375e-05,0.84,21,converged,4
30001220,0.00010013580322265625,0.84,21,converged,4
30001211,0.0002002716064453125,0.84,21,converged,5
30001202,0.00010013580322265625,0.72,18,converged,4
30001130,6.67572021484375e-05,0.76,19,converged,4
30001121,0.0002002716064453125,0.64,16,converged,5
30001112,0.0002002716064453125,0.64,16,converged,5
30001103,6.67572021484375e-05,0.72,18,converged,4
30001040,1.6689300537109375e-05,0.8,20,cycled,3
30001031,6.67572021484375e-05,0.8,20,converged,4
30001022,0.00010013580322265625,0.72,18,converged,4
30001013,6.67572021484375e-05,0.76,19,converged,4
30001004,1.6689300537109375e-05,0.8,20,converged,3
30000500,3.337860107421875e-06,0.84,21,converged,2
30000410,1.6689300537109375e-05,0.96,24,converged,3
30000401,1.6689300537109375e-05,0.88,22,converged,3
30000320,3.337860107421875e-05,0.76,19,cycled,3
30000311,6.67572021484375e-05,0.84,21,converged,4
30000302,3.337860107421875e-05,0.84,21,converged,3
30000230,3.337860107421875e-05,0.96,24,converged,3
30000221,0.00010013580322265625,0.96,24,converged,4
30000212,0.00010013580322265625,0.96,24,converged,4
30000203,3.337860107421875e-05,0.76,19,converged,3
30000140,1.6689300537109375e-05,0.84,21,converged,3
30000131,6.67572021484375e-05,0.76,19,capped,4
30000122,0.00010013580322265625,0.56,14,converged,4
30000113,6.67572021484375e-05,0.8,20,converged,4
30000104,1.6689300537109375e-05,0.76,19,converged,3
30000050,3.337860107421875e-06,0.96,24,converged,2
30000041,1.6689300537109375e-05,0.84,21,converged,3
30000032,3.337860107421875e-05,0.8,20,converged,3
30000023,3.337860107421875e-05,0.72,18,capped,3
30000014,1.6689300537109375e-05,0.76,19,converged,3
30000005,3.337860107421875e-06,0.8,20,converged,2
26000000,1.6689300537109375e-06,0.96,24,converged,2
25100000,1.0013580322265625e-05,0.92,23,cycled,3
25010000,1.0013580322265625e-05,0.92,23,converged,3
25001000,1.0013580322265625e-05,0.96,24,converged,3
25000100,1.0013580322265625e-05,0.92,23,converged,3
25000010,1.0013580322265625e-05,0.92,23,converged,3
25000001,1.0013580322265625e-05,0.92,23,converged,3
24200000,2.5033950805664062e-05,0.96,24,cycled,3
24110000,5.0067901611328125e-05,0.92,23,converged,4
24101000,5.0067901611328125e-05,0.96,24,converged,4
24100100,5.0067901611328125e-05,0.84,21,converged,4
24100010,5.0067901611328125e-05,0.92,23,converged,4
24100001,5.0067901611328125e-05,0.96,24,converged,4
24020000,2.5033950805664062e-05,0.92,23,converged,3
24011000,5.0067901611328125e-05,0.96,24,converged,4
24010100,5.0067901611328125e-05,0.92,23,converged,4
24010010,5.0067901611328125e-05,0.92,23,converged,4
24010001,5.0067901611328125e-05,0.88,22,converged,4
24002000,2.5033950805664062e-05,0.96,24,converged,3
24001100,5.0067901611328125e-05,0.88,22,converged,4
24001010,5.0067901611328125e-05,0.88,22,converged,4
24001001,5.0067901611328125e-05,0.88,22,converged,4
24000200,2.5033950805664062e-05,0.8,20,converged,3
24000110,5.0067901611328125e-05,0.88,22,converged,4
24000101,5.0067901611328125e-05,0.88,22,converged,4
24000020,2.5033950805664062e-05,0.84,21,converged,3
24000011,5.0067901611328125e-05,0.84,21,converged,4
24000002,2.5033950805664062e-05,0.84,21,converged,3
23300000,3.337860107421875e-05,1.0,25,converged,3
23210000,0.00010013580322265625,1.0,25,converged,4
23201000,0.00010013580322265625,1.0,25,cycled,4
23200100,0.00010013580322265625,0.92,23,cycled,4
23200010,0.00010013580322265625,0.96,24,converged,4
23200001,0.00010013580322265625,0.92,23,converged,4
23120000,0.00010013580322265625,0.96,24,converged,4
23111000,0.0002002716064453125,0.96,24,converged,5
23110100,0.0002002716064453125,0.84,21,converged,5
23110010,0.0002002716064453125,0.96,24,converged,5
23110001,0.0002002716064453125,0.92,23,converged,5
23102000,0.00010013580322265625,1.0,25,converged,4
23101100,0.0002002716064453125,0.84,21,cycled,5
23101010,0.0002002716064453125,0.96,24,converged,5
23101001,0.0002002716064453125,0.88,22,converged,5
23100200,0.00010013580322265625,0.88,22,converged,4
23100110,0.0002002716064453125,0.84,21,converged,5
23100101,0.0002002716064453125,0.92,23,converged,5
23100020,0.00010013580322265625,0.84,21,converged,4
23100011,0.0002002716064453125,0.84,21,converged,5
23100002,0.00010013580322265625,0.84,21,converged,4
23030000,3.337860107421875e-05,0.88,22,converged,3
23021000,0.00010013580322265625,0.92,23,converged,4
23020100,0.00010013580322265625,0.88,22,converged,4
23020010,0.00010013580322265625,0.88,22,converged,4
23020001,0.00010013580322265625,0.88,22,converged,4
23012000,0.00010013580322265625,0.96,24,converged,4
23011100,0.0002002716064453125,0.84,21,converged,5
23011010,0.0002002716064453125,0.92,23,converged,5
23011001,0.0002002716064453125,0.92,23,converged,5
23010200,0.00010013580322265625,0.8,20,converged,4
23010110,0.0002002716064453125,0.88,22,converged,5
23010101,0.0002002716064453125,0.88,22,converged,5
23010020,0.00010013580322265625,0.84,21,converged,4
23010011,0.0002002716064453125,0.84,21,converged,5
23010002,0.00010013580322265625,0.92,23,converged,4
23003000,3.337860107421875e-05,1.0,25,converged,3
23002100,0.00010013580322265625,0.8,20,converged,4
23002010,0.00010013580322265625,0.92,23,converged,4
23002001,0.00010013580322265625,0.88,22,converged,4
23001200,0.00010013580322265625,0.88,22,converged,4
23001110,0.0002002716064453125,0.88,22,converged,5
23001101,0.0002002716064453125,0.84,21,converged,5
23001020,0.00010013580322265625,0.92,23,converged,4
23001011,0.0002002716064453125,0.84,21,converged,5
23001002,0.00010013580322265625,0.8,20,converged,4
23000300,3.337860107421875e-05,0.96,24,converged,3
23000210,0.00010013580322265625,0.88,22,converged,4
23000201,0.00010013580322265625,0.8,20,converged,4
23000120,0.00010013580322265625,0.88,22,converged,4
23000111,0.0002002716064453125,0.88,22,converged,5
23000102,0.00010013580322265625,0.84,21,converged,4
23000030,3.337860107421875e-05,0.76,19,converged,3
23000021,0.00010013580322265625,0.84,21,converged,4
23000012,0.00010013580322265625,0.84,21,converged,4
23000003,3.337860107421875e-05,0.8,20,converged,3
22400000,2.5033950805664062e-05,0.96,24,converged,3
22310000,0.00010013580322265625,1.0,25,converged,4
22301000,0.00010013580322265625,1.0,25,converged,4
22300100,0.00010013580322265625,0.84,21,converged,4
22300010,0.00010013580322265625,1.0,25,converged,4
22300001,0.00010013580322265625,0.88,22,converged,4
22220000,0.00015020370483398438,0.92,23,converged,4
22211000,0.00030040740966796875,0.96,24,converged,5
22210100,0.00030040740966796875,0.88,22,converged,5
22210010,0.00030040740966796875,0.92,23,cycled,5
22210001,0.00030040740966796875,0.88,22,converged,5
22202000,0.00015020370483398438,1.0,25,converged,4
22201100,0.00030040740966796875,0.84,21,converged,5
22201010,0.00030040740966796875,0.92,23,converged,5
22201001,0.00030040740966796875,0.88,22,converged,5
22200200,0.00015020370483398438,0.8,20,capped,4
22200110,0.00030040740966796875,0.84,21,cycled,5
22200101,0.00030040740966796875,0.88,22,converged,5
22200020,0.00015020370483398438,0.88,22,converged,4
22200011,0.00030040740966796875,0.84,21,converged,5
22200002,0.00015020370483398438,0.88,22,converged,4
22130000,0.00010013580322265625,0.92,23,capped,4
22121000,0.00030040740966796875,0.96,24,converged,5
22120100,0.00030040740966796875,0.84,21,converged,5
22120010,0.00030040740966796875,0.88,22,converged,5
22120001,0.00030040740966796875,0.88,22,converged,5
22112000,0.00030040740966796875,0.92,23,converged,5
22111100,0.0006008148193359375,0.8,20,converged,6
22111010,0.0006008148193359375,0.88,22,converged,6
22111001,0.0006008148193359375,0.88,22,converged,6
22110200,0.00030040740966796875,0.92,23,converged,5
22110110,0.0006008148193359375,0.84,21,converged,6
22110101,0.0006008148193359375,0.8,20,converged,6
22110020,0.00030040740966796875,0.8,20,converged,5
22110011,0.0006008148193359375,0.84,21,converged,6
22110002,0.00030040740966796875,0.84,21,converged,5
22103000,0.00010013580322265625,0.84,21,converged,4
22102100,0.00030040740966796875,0.84,21,converged,5
22102010,0.00030040740966796875,0.88,22,converged,5
22102001,0.00030040740966796875,0.92,23,converged,5
22101200,0.00030040740966796875,0.92,23,converged,5
22101110,0.0006008148193359375,0.84,21,converged,6
22101101,0.0006008148193359375,0.8,20,capped,6
22101020,0.00030040740966796875,0.84,21,converged,5
22101011,0.0006008148193359375,0.8,20,converged,6
22101002,0.00030040740966796875,0.84,21,converged,5
22100300,0.00010013580322265625,0.92,23,converged,4
22100210,0.00030040740966796875,0.88,22,cycled,5
22100201,0.00030040740966796875,0.84,21,converged,5
22100120,0.00030040740966796875,0.84,21,converged,5
22100111,0.0006008148193359375,0.88,22,converged,6
22100102,0.00030040740966796875,1.0,25,converged,5
22100030,0.00010013580322265625,0.8,20,converged,4
22100021,0.00030040740966796875,0.8,20,converged,5
22100012,0.00030040740966796875,0.88,22,converged,5
22100003,0.00010013580322265625,0.84,21,converged,4
22040000,2.5033950805664062e-05,0.84,21,converged,3
22031000,0.00010013580322265625,0.84,21,converged,4
22030100,0.00010013580322265625,0.92,23,capped,4
22030010,0.00010013580322265625,0.84,21,converged,4
22030001,0.00010013580322265625,0.84,21,converged,4
22022000,0.00015020370483398438,0.92,23,capped,4
22021100,0.00030040740966796875,0.8,20,converged,5
22021010,0.00030040740966796875,0.88,22,converged,5
22021001,0.00030040740966796875,0.92,23,converged,5
22020200,0.00015020370483398438,0.84,21,converged,4
22020110,0.00030040740966796875,0.96,24,converged,5
22020101,0.00030040740966796875,0.84,21,converged,5
22020020,0.00015020370483398438,0.8,20,converged,4
22020011,0.00030040740966796875,0.84,21,converged,5
22020002,0.00015020370483398438,0.92,23,converged,4
22013000,0.00010013580322265625,0.88,22,converged,4
22012100,0.00030040740966796875,0.8,20,converged,5
22012010,0.00030040740966796875,0.92,23,converged,5
22012001,0.00030040740966796875,0.84,21,converged,5
22011200,0.00030040740966796875,0.8,20,converged,5
22011110,0.0006008148193359375,0.84,21,converged,6
22011101,0.0006008148193359375,0.84,21,converged,6
22011020,0.00030040740966796875,0.8,20,converged,5
22011011,0.0006008148193359375,0.88,22,converged,6
22011002,0.00030040740966796875,0.84,21,converged,5
22010300,0.00010013580322265625,0.96,24,converged,4
22010210,0.00030040740966796875,0.8,20,converged,5
22010201,0.00030040740966796875,0.84,21,converged,5
22010120,0.00030040740966796875,0.92,23,converged,5
22010111,0.0006008148193359375,0.8,20,converged,6
22010102,0.00030040740966796875,0.92,23,converged,5
22010030,0.00010013580322265625,0.8,20,converged,4
22010021,0.00030040740966796875,0.84,21,converged,5
22010012,0.00030040740966796875,0.88,22,converged,5
22010003,0.00010013580322265625,1.0,25,converged,4
22004000,2.5033950805664062e-05,0.84,21,converged,3
22003100,0.00010013580322265625,0.8,20,converged,4
22003010,0.00010013580322265625,0.88,22,converged,4
22003001,0.00010013580322265625,0.92,23,converged,4
22002200,0.00015020370483398438,0.92,23,converged,4
22002110,0.00030040740966796875,0.84,21,converged,5
22002101,0.00030040740966796875,1.0,25,converged,5
22002020,0.00015020370483398438,0.84,21,converged,4
22002011,0.00030040740966796875,0.8,20,converged,5
22002002,0.00015020370483398438,0.8,20,converged,4
22001300,0.00010013580322265625,0.88,22,converged,4
22001210,0.00030040740966796875,0.8,20,converged,5
22001201,0.00030040740966796875,0.84,21,converged,5
22001120,0.00030040740966796875,0.88,22,converged,5
22001111,0.0006008148193359375,0.92,23,converged,6
22001102,0.00030040740966796875,0.96,24,converged,5
22001030,0.00010013580322265625,0.8,20,converged,4
22001021,0.00030040740966796875,0.84,21,converged,5
22001012,0.00030040740966796875,0.8,20,converged,5
22001003,0.00010013580322265625,0.88,22,converged,4
22000400,2.5033950805664062e-05,1.0,25,converged,3
22000310,0.00010013580322265625,0.92,23,converged,4
22000301,0.00010013580322265625,0.92,23,converged,4
22000220,0.00015020370483398438,0.8,20,converged,4
22000211,0.00030040740966796875,0.8,20,converged,5
22000202,0.00015020370483398438,0.84,21,capped,4
22000130,0.00010013580322265625,0.76,19,converged,4
22000121,0.00030040740966796875,0.84,21,converged,5
22000112,0.00030040740966796875,0.96,24,converged,5
22000103,0.00010013580322265625,0.96,24,converged,4
22000040,2.5033950805664062e-05,0.76,19,converged,3
22000031,0.00010013580322265625,0.84,21,converged,4
22000022,0.00015020370483398438,0.84,21,converged,4
22000013,0.00010013580322265625,0.84,21,converged,4
22000004,2.5033950805664062e-05,0.84,21,converged,3
21500000,1.0013580322265625e-05,0.84,21,converged,3
21410000,5.0067901611328125e-05,1.0,25,converged,4
21401000,5.0067901611328125e-05,0.8,20,converged,4
21400100,5.0067901611328125e-05,0.92,23,converged,4
21400010,5.0067901611328125e-05,1.0,25,converged,4
21400001,5.0067901611328125e-05,0.88,22,converged,4
21320000,0.00010013580322265625,0.92,23,converged,4
21311000,0.0002002716064453125,1.0,25,converged,5
21310100,0.0002002716064453125,0.88,22,converged,5
21310010,0.0002002716064453125,1.0,25,converged,5
21310001,0.0002002716064453125,1.0,25,converged,5
21302000,0.00010013580322265625,0.8,20,converged,4
21301100,0.0002002716064453125,0.88,22,converged,5
21301010,0.0002002716064453125,0.96,24,converged,5
21301001,0.0002002716064453125,0.92,23,converged,5
21300200,0.00010013580322265625,0.96,24,converged,4
21300110,0.0002002716064453125,0.76,19,capped,5
21300101,0.0002002716064453125,0.92,23,converged,5
21300020,0.00010013580322265625,0.92,23,converged,4
21300011,0.0002002716064453125,0.92,23,converged,5
21300002,0.00010013580322265625,0.92,23,converged,4
21230000,0.00010013580322265625,0.84,21,capped,4
21221000,0.00030040740966796875,0.68,17,capped,5
21220100,0.00030040740966796875,0.96,24,cycled,5
21220010,0.00030040740966796875,0.92,23,capped,5
21220001,0.00030040740966796875,0.96,24,converged,5
21212000,0.00030040740966796875,1.0,25,converged,5
21211100,0.0006008148193359375,0.88,22,converged,6
21211010,0.0006008148193359375,0.96,24,converged,6
21211001,0.0006008148193359375,0.88,22,converged,6
21210200,0.00030040740966796875,0.96,24,converged,5
21210110,0.0006008148193359375,0.96,24,converged,6
21210101,0.0006008148193359375,0.92,23,converged,6
21210020,0.00030040740966796875,0.84,21,converged,5
21210011,0.0006008148193359375,0.8,20,capped,6
21210002,0.00030040740966796875,0.92,23,converged,5
21203000,0.00010013580322265625,0.8,20,converged,4
21202100,0.00030040740966796875,0.92,23,converged,5
21202010,0.00030040740966796875,0.92,23,cycled,5
21202001,0.00030040740966796875,0.88,22,converged,5
21201200,0.00030040740966796875,0.84,21,converged,5
21201110,0.0006008148193359375,0.96,24,converged,6
21201101,0.0006008148193359375,0.92,23,converged,6
21201020,0.00030040740966796875,0.88,22,converged,5
21201011,0.0006008148193359375,0.84,21,converged,6
21201002,0.00030040740966796875,0.8,20,converged,5
21200300,0.00010013580322265625,0.96,24,converged,4
21200210,0.00030040740966796875,0.84,21,converged,5
21200201,0.00030040740966796875,0.84,21,converged,5
21200120,0.00030040740966796875,0.88,22,converged,5
21200111,0.0006008148193359375,0.88,22,converged,6
21200102,0.00030040740966796875,0.92,23,converged,5
21200030,0.00010013580322265625,0.8,20,converged,4
21200021,0.00030040740966796875,0.84,21,converged,5
21200012,0.00030040740966796875,0.84,21,converged,5
21200003,0.00010013580322265625,0.88,22,converged,4
21140000,5.0067901611328125e-05,0.84,21,converged,4
21131000,0.0002002716064453125,0.88,22,converged,5
21130100,0.0002002716064453125,0.8,20,converged,5
21130010,0.0002002716064453125,0.84,21,converged,5
21130001,0.0002002716064453125,0.84,21,converged,5
21122000,0.00030040740966796875,0.92,23,converged,5
21121100,0.0006008148193359375,1.0,25,converged,6
21121010,0.0006008148193359375,0.92,23,converged,6
21121001,0.0006008148193359375,0.88,22,converged,6
21120200,0.00030040740966796875,0.88,22,converged,5
21120110,0.0006008148193359375,0.84,21,converged,6
21120101,0.0006008148193359375,0.92,23,converged,6
21120020,0.00030040740966796875,0.84,21,converged,5
21120011,0.0006008148193359375,0.92,23,converged,6
21120002,0.00030040740966796875,0.88,22,converged,5
21113000,0.0002002716064453125,1.0,25,converged,5
21112100,0.0006008148193359375,0.88,22,converged,6
21112010,0.0006008148193359375,0.84,21,converged,6
21112001,0.0006008148193359375,0.92,23,converged,6
21111200,0.0006008148193359375,0.88,22,converged,6
21111110,0.001201629638671875,0.84,21,converged,7
21111101,0.001201629638671875,0.92,23,converged,7
21111020,0.0006008148193359375,0.84,21,converged,6
21111011,0.001201629638671875,0.84,21,converged,7
21111002,0.0006008148193359375,0.88,22,cycled,6
21110300,0.0002002716064453125,0.96,24,converged,5
21110210,0.0006008148193359375,0.92,23,converged,6
21110201,0.0006008148193359375,0.84,21,converged,6
21110120,0.0006008148193359375,0.84,21,converged,6
21110111,0.001201629638671875,0.72,18,converged,7
21110102,0.0006008148193359375,0.92,23,converged,6
21110030,0.0002002716064453125,0.84,21,converged,5
21110021,0.0006008148193359375,0.84,21,converged,6
21110012,0.0006008148193359375,0.84,21,cycled,6
21110003,0.0002002716064453125,0.92,23,converged,5
21104000,5.0067901611328125e-05,0.92,23,converged,4
21103100,0.0002002716064453125,0.88,22,converged,5
21103010,0.0002002716064453125,0.92,23,converged,5
21103001,0.0002002716064453125,0.84,21,converged,5
21102200,0.00030040740966796875,0.88,22,converged,5
21102110,0.0006008148193359375,0.88,22,converged,6
21102101,0.0006008148193359375,0.92,23,converged,6
21102020,0.00030040740966796875,0.8,20,converged,5
21102011,0.0006008148193359375,0.84,21,converged,6
21102002,0.00030040740966796875,0.84,21,converged,5
21101300,0.0002002716064453125,0.88,22,converged,5
21101210,0.0006008148193359375,0.88,22,converged,6
21101201,0.0006008148193359375,0.84,21,converged,6
21101120,0.0006008148193359375,0.88,22,converged,6
21101111,0.001201629638671875,0.88,22,converged,7
21101102,0.0006008148193359375,0.84,21,converged,6
21101030,0.0002002716064453125,0.76,19,converged,5
21101021,0.0006008148193359375,0.8,20,converged,6
21101012,0.0006008148193359375,0.88,22,converged,6
21101003,0.0002002716064453125,0.84,21,converged,5
21100400,5.0067901611328125e-05,1.0,25,converged,4
21100310,0.0002002716064453125,0.92,23,converged,5
21100301,0.0002002716064453125,0.88,22,converged,5
21100220,0.00030040740966796875,0.88,22,converged,5
21100211,0.0006008148193359375,0.88,22,converged,6
21100202,0.00030040740966796875,0.8,20,converged,5
21100130,0.0002002716064453125,0.72,18,converged,5
21100121,0.0006008148193359375,0.88,22,capped,6
21100112,0.0006008148193359375,0.88,22,converged,6
21100103,0.0002002716064453125,0.72,18,capped,5
21100040,5.0067901611328125e-05,0.84,21,converged,4
21100031,0.0002002716064453125,0.84,21,converged,5
21100022,0.00030040740966796875,0.84,21,converged,5
21100013,0.0002002716064453125,0.76,19,converged,5
21100004,5.0067901611328125e-05,0.8,20,converged,4
21050000,1.0013580322265625e-05,0.92,23,converged,3
21041000,5.0067901611328125e-05,0.8,20,converged,4
21040100,5.0067901611328125e-05,0.8,20,converged,4
21040010,5.0067901611328125e-05,0.76,19,converged,4
21040001,5.0067901611328125e-05,1.0,25,converged,4
21032000,0.00010013580322265625,0.8,20,capped,4
21031100,0.0002002716064453125,0.8,20,converged,5
21031010,0.0002002716064453125,0.8,20,converged,5
21031001,0.0002002716064453125,0.88,22,converged,5
21030200,0.00010013580322265625,0.88,22,converged,4
21030110,0.0002002716064453125,0.8,20,converged,5
21030101,0.0002002716064453125,0.8,20,converged,5
21030020,0.00010013580322265625,0.8,20,converged,4
21030011,0.0002002716064453125,0.88,22,converged,5
21030002,0.00010013580322265625,0.88,22,converged,4
21023000,0.00010013580322265625,0.92,23,converged,4
21022100,0.00030040740966796875,0.84,21,converged,5
21022010,0.00030040740966796875,0.92,23,converged,5
21022001,0.00030040740966796875,0.88,22,converged,5
21021200,0.00030040740966796875,0.96,24,cycled,5
21021110,0.0006008148193359375,0.8,20,converged,6
21021101,0.0006008148193359375,0.92,23,converged,6
21021020,0.00030040740966796875,0.84,21,converged,5
21021011,0.0006008148193359375,0.88,22,converged,6
21021002,0.00030040740966796875,0.84,21,converged,5
21020300,0.00010013580322265625,0.96,24,converged,4
21020210,0.00030040740966796875,0.84,21,converged,5
21020201,0.00030040740966796875,0.84,21,converged,5
21020120,0.00030040740966796875,0.84,21,converged,5
21020111,0.0006008148193359375,0.84,21,converged,6
21020102,0.00030040740966796875,0.84,21,converged,5
21020030,0.00010013580322265625,0.84,21,converged,4
21020021,0.00030040740966796875,0.84,21,converged,5
21020012,0.00030040740966796875,0.92,23,converged,5
21020003,0.00010013580322265625,0.84,21,converged,4
21014000,5.0067901611328125e-05,0.84,21,converged,4
21013100,0.0002002716064453125,0.88,22,converged,5
21013010,0.0002002716064453125,0.84,21,converged,5
21013001,0.0002002716064453125,0.84,21,converged,5
21012200,0.00030040740966796875,0.84,21,converged,5
21012110,0.0006008148193359375,0.84,21,converged,6
21012101,0.0006008148193359375,0.92,23,converged,6
21012020,0.00030040740966796875,0.84,21,converged,5
21012011,0.0006008148193359375,0.8,20,converged,6
21012002,0.00030040740966796875,0.8,20,converged,5
21011300,0.0002002716064453125,0.96,24,converged,5
21011210,0.0006008148193359375,0.88,22,converged,6
21011201,0.0006008148193359375,0.96,24,converged,6
21011120,0.0006008148193359375,0.84,21,converged,6
21011111,0.001201629638671875,0.92,23,converged,7
21011102,0.0006008148193359375,0.64,16,capped,6
21011030,0.0002002716064453125,0.8,20,converged,5
21011021,0.0006008148193359375,0.84,21,converged,6
21011012,0.0006008148193359375,0.84,21,converged,6
21011003,0.0002002716064453125,0.84,21,converged,5
21010400,5.0067901611328125e-05,1.0,25,converged,4
21010310,0.0002002716064453125,0.96,24,converged,5
21010301,0.0002002716064453125,0.88,22,converged,5
21010220,0.00030040740966796875,0.84,21,converged,5
21010211,0.0006008148193359375,0.88,22,converged,6
21010202,0.00030040740966796875,0.84,21,converged,5
21010130,0.0002002716064453125,0.84,21,converged,5
21010121,0.0006008148193359375,0.88,22,converged,6
21010112,0.0006008148193359375,0.88,22,converged,6
21010103,0.0002002716064453125,0.96,24,converged,5
21010040,5.0067901611328125e-05,0.8,20,converged,4
21010031,0.0002002716064453125,0.8,20,converged,5
21010022,0.00030040740966796875,0.84,21,converged,5
21010013,0.0002002716064453125,0.8,20,converged,5
21010004,5.0067901611328125e-05,0.84,21,converged,4
21005000,1.0013580322265625e-05,0.84,21,converged,3
21004100,5.0067901611328125e-05,0.8,20,converged,4
21004010,5.0067901611328125e-05,0.8,20,converged,4
21004001,5.0067901611328125e-05,0.84,21,converged,4
21003200,0.00010013580322265625,0.96,24,converged,4
21003110,0.0002002716064453125,0.84,21,converged,5
21003101,0.0002002716064453125,0.84,21,converged,5
21003020,0.00010013580322265625,0.8,20,converged,4
21003011,0.0002002716064453125,0.76,19,converged,5
21003002,0.00010013580322265625,0.84,21,converged,4
21002300,0.00010013580322265625,0.92,23,converged,4
21002210,0.00030040740966796875,0.84,21,converged,5
21002201,0.00030040740966796875,0.8,20,converged,5
21002120,0.00030040740966796875,0.64,16,capped,5
21002111,0.0006008148193359375,0.64,16,capped,6
21002102,0.00030040740966796875,0.84,21,converged,5
21002030,0.00010013580322265625,0.84,21,converged,4
21002021,0.00030040740966796875,0.84,21,converged,5
21002012,0.00030040740966796875,0.84,21,converged,5
21002003,0.00010013580322265625,0.76,19,converged,4
21001400,5.0067901611328125e-05,0.92,23,converged,4
21001310,0.0002002716064453125,0.96,24,converged,5
21001301,0.0002002716064453125,0.92,23,converged,5
21001220,0.00030040740966796875,0.84,21,converged,5
21001211,0.0006008148193359375,0.8,20,capped,6
21001202,0.00030040740966796875,0.72,18,converged,5
21001130,0.0002002716064453125,0.84,21,converged,5
21001121,0.0006008148193359375,0.64,16,converged,6
21001112,0.0006008148193359375,0.52,13,converged,6
21001103,0.0002002716064453125,0.56,14,converged,5
21001040,5.0067901611328125e-05,0.84,21,converged,4
21001031,0.0002002716064453125,0.88,22,converged,5
21001022,0.00030040740966796875,0.84,21,converged,5
21001013,0.0002002716064453125,0.88,22,converged,5
21001004,5.0067901611328125e-05,0.8,20,cycled,4
21000500,1.0013580322265625e-05,0.92,23,converged,3
21000410,5.0067901611328125e-05,0.96,24,converged,4
21000401,5.0067901611328125e-05,0.96,24,converged,4
21000320,0.00010013580322265625,1.0,25,converged,4
21000311,0.0002002716064453125,0.88,22,converged,5
21000302,0.00010013580322265625,0.92,23,converged,4
21000230,0.00010013580322265625,0.92,23,converged,4
21000221,0.00030040740966796875,0.96,24,converged,5
21000212,0.00030040740966796875,0.96,24,converged,5
21000203,0.00010013580322265625,0.96,24,converged,4
21000140,5.0067901611328125e-05,0.88,22,converged,4
21000131,0.0002002716064453125,0.96,24,capped,5
21000122,0.00030040740966796875,0.64,16,capped,5
21000113,0.0002002716064453125,0.56,14,capped,5
21000104,5.0067901611328125e-05,0.6,15,converged,4
21000050,1.0013580322265625e-05,0.84,21,converged,3
21000041,5.0067901611328125e-05,0.84,21,converged,4
21000032,0.00010013580322265625,0.84,21,converged,4
21000023,0.00010013580322265625,0.84,21,converged,4
21000014,5.0067901611328125e-05,0.84,21,converged,4
21000005,1.0013580322265625e-05,0.72,18,cycled,3
20600000,1.6689300537109375e-06,0.8,20,converged,2
20510000,1.0013580322265625e-05,0.8,20,converged,3
20501000,1.0013580322265625e-05,0.84,21,converged,3
20500100,1.0013580322265625e-05,0.88,22,converged,3
20500010,1.0013580322265625e-05,0.84,21,converged,3
20500001,1.0013580322265625e-05,0.84,21,converged,3
20420000,2.5033950805664062e-05,1.0,25,converged,3
20411000,5.0067901611328125e-05,0.8,20,converged,4
20410100,5.0067901611328125e-05,0.84,21,converged,4
20410010,5.0067901611328125e-05,1.0,25,converged,4
20410001,5.0067901611328125e-05,0.88,22,converged,4
20402000,2.5033950805664062e-05,0.8,20,converged,3
20401100,5.0067901611328125e-05,0.88,22,converged,4
20401010,5.0067901611328125e-05,0.8,20,converged,4
20401001,5.0067901611328125e-05,0.84,21,converged,4
20400200,2.5033950805664062e-05,0.84,21,converged,3
20400110,5.0067901611328125e-05,0.92,23,converged,4
20400101,5.0067901611328125e-05,0.8,20,converged,4
20400020,2.5033950805664062e-05,0.96,24,converged,3
20400011,5.0067901611328125e-05,0.92,23,converged,4
20400002,2.5033950805664062e-05,0.96,24,converged,3
20330000,3.337860107421875e-05,0.56,14,capped,3
20321000,0.00010013580322265625,0.96,24,converged,4
20320100,0.00010013580322265625,0.84,21,converged,4
20320010,0.00010013580322265625,0.96,24,converged,4
20320001,0.00010013580322265625,0.96,24,converged,4
20312000,0.00010013580322265625,1.0,25,converged,4
20311100,0.0002002716064453125,0.84,21,converged,5
20311010,0.0002002716064453125,1.0,25,converged,5
20311001,0.0002002716064453125,0.96,24,converged,5
20310200,0.00010013580322265625,0.84,21,converged,4
20310110,0.0002002716064453125,0.92,23,converged,5
20310101,0.0002002716064453125,0.92,23,converged,5
20310020,0.00010013580322265625,0.88,22,cycled,4
20310011,0.0002002716064453125,0.96,24,converged,5
20310002,0.00010013580322265625,0.96,24,converged,4
20303000,3.337860107421875e-05,0.8,20,converged,3
20302100,0.00010013580322265625,0.92,23,converged,4
20302010,0.00010013580322265625,0.8,20,converged,4
20302001,0.00010013580322265625,0.88,22,converged,4
20301200,0.00010013580322265625,0.84,21,converged,4
20301110,0.0002002716064453125,0.92,23,converged,5
20301101,0.0002002716064453125,0.76,19,capped,5
20301020,0.00010013580322265625,0.88,22,converged,4
20301011,0.0002002716064453125,0.88,22,converged,5
20301002,0.00010013580322265625,0.88,22,converged,4
20300300,3.337860107421875e-05,0.88,22,converged,3
20300210,0.00010013580322265625,0.88,22,converged,4
20300201,0.00010013580322265625,0.84,21,converged,4
20300120,0.00010013580322265625,0.88,22,converged,4
20300111,0.0002002716064453125,0.92,23,converged,5
20300102,0.00010013580322265625,1.0,25,converged,4
20300030,3.337860107421875e-05,0.84,21,converged,3
20300021,0.00010013580322265625,0.8,20,cycled,4
20300012,0.00010013580322265625,0.84,21,converged,4
20300003,3.337860107421875e-05,0.96,24,converged,3
20240000,2.5033950805664062e-05,0.64,16,capped,3
20231000,0.00010013580322265625,0.6,15,capped,4
20230100,0.00010013580322265625,0.84,21,cycled,4
20230010,0.00010013580322265625,0.84,21,converged,4
20230001,0.00010013580322265625,0.84,21,capped,4
20222000,0.00015020370483398438,0.64,16,converged,4
20221100,0.00030040740966796875,0.88,22,converged,5
20221010,0.00030040740966796875,0.92,23,converged,5
20221001,0.00030040740966796875,0.92,23,converged,5
20220200,0.00015020370483398438,0.96,24,converged,4
20220110,0.00030040740966796875,0.96,24,converged,5
20220101,0.00030040740966796875,0.84,21,converged,5
20220020,0.00015020370483398438,0.88,22,cycled,4
20220011,0.00030040740966796875,0.88,22,cycled,5
20220002,0.00015020370483398438,0.96,24,converged,4
20213000,0.00010013580322265625,1.0,25,converged,4
20212100,0.00030040740966796875,0.88,22,converged,5
20212010,0.00030040740966796875,0.88,22,cycled,5
20212001,0.00030040740966796875,0.96,24,converged,5
20211200,0.00030040740966796875,0.8,20,converged,5
20211110,0.0006008148193359375,0.96,24,converged,6
20211101,0.0006008148193359375,0.92,23,converged,6
20211020,0.00030040740966796875,0.88,22,converged,5
20211011,0.0006008148193359375,0.88,22,converged,6
20211002,0.00030040740966796875,0.92,23,converged,5
20210300,0.00010013580322265625,0.92,23,converged,4
20210210,0.00030040740966796875,0.96,24,converged,5
20210201,0.00030040740966796875,0.88,22,converged,5
20210120,0.00030040740966796875,0.84,21,converged,5
20210111,0.0006008148193359375,0.92,23,converged,6
20210102,0.00030040740966796875,0.76,19,converged,5
20210030,0.00010013580322265625,0.84,21,cycled,4
20210021,0.00030040740966796875,0.88,22,converged,5
20210012,0.00030040740966796875,0.92,23,converged,5
20210003,0.00010013580322265625,0.96,24,converged,4
20204000,2.5033950805664062e-05,0.84,21,converged,3
20203100,0.00010013580322265625,0.84,21,converged,4
20203010,0.00010013580322265625,0.88,22,converged,4
20203001,0.00010013580322265625,0.84,21,converged,4
20202200,0.00015020370483398438,0.76,19,converged,4
20202110,0.00030040740966796875,0.88,22,converged,5
20202101,0.00030040740966796875,0.84,21,converged,5
20202020,0.00015020370483398438,0.84,21,converged,4
20202011,0.00030040740966796875,0.88,22,converged,5
20202002,0.00015020370483398438,0.84,21,converged,4
20201300,0.00010013580322265625,0.88,22,converged,4
20201210,0.00030040740966796875,0.84,21,converged,5
20201201,0.00030040740966796875,0.84,21,converged,5
20201120,0.00030040740966796875,0.92,23,converged,5
20201111,0.0006008148193359375,0.84,21,converged,6
20201102,0.00030040740966796875,0.8,20,converged,5
20201030,0.00010013580322265625,0.84,21,converged,4
20201021,0.00030040740966796875,0.84,21,converged,5
20201012,0.00030040740966796875,0.84,21,converged,5
20201003,0.00010013580322265625,0.8,20,converged,4
20200400,2.5033950805664062e-05,0.96,24,converged,3
20200310,0.00010013580322265625,0.88,22,converged,4
20200301,0.00010013580322265625,0.84,21,converged,4
20200220,0.00015020370483398438,0.88,22,converged,4
20200211,0.00030040740966796875,0.84,21,converged,5
20200202,0.00015020370483398438,0.8,20,converged,4
20200130,0.00010013580322265625,0.64,16,capped,4
20200121,0.00030040740966796875,0.72,18,converged,5
20200112,0.00030040740966796875,0.72,18,converged,5
20200103,0.00010013580322265625,0.8,20,converged,4
20200040,2.5033950805664062e-05,0.8,20,converged,3
20200031,0.00010013580322265625,0.72,18,converged,4
20200022,0.00015020370483398438,0.84,21,converged,4
20200013,0.00010013580322265625,0.8,20,cycled,4
20200004,2.5033950805664062e-05,0.8,20,cycled,3
20150000,1.0013580322265625e-05,0.96,24,converged,3
20141000,5.0067901611328125e-05,0.8,20,converged,4
20140100,5.0067901611328125e-05,1.0,25,converged,4
20140010,5.0067901611328125e-05,0.76,19,capped,4
20140001,5.0067901611328125e-05,0.88,22,converged,4
20132000,0.00010013580322265625,0.76,19,capped,4
20131100,0.0002002716064453125,0.92,23,converged,5
20131010,0.0002002716064453125,0.8,20,converged,5
20131001,0.0002002716064453125,0.8,20,converged,5
20130200,0.00010013580322265625,0.92,23,converged,4
20130110,0.0002002716064453125,0.92,23,converged,5
20130101,0.0002002716064453125,0.88,22,converged,5
20130020,0.00010013580322265625,0.88,22,converged,4
20130011,0.0002002716064453125,0.84,21,converged,5
20130002,0.00010013580322265625,0.92,23,converged,4
20123000,0.00010013580322265625,0.88,22,converged,4
20122100,0.00030040740966796875,0.92,23,converged,5
20122010,0.00030040740966796875,0.88,22,converged,5
20122001,0.00030040740966796875,0.92,23,converged,5
20121200,0.00030040740966796875,0.92,23,converged,5
20121110,0.0006008148193359375,0.96,24,converged,6
20121101,0.0006008148193359375,0.88,22,converged,6
20121020,0.00030040740966796875,0.84,21,cycled,5
20121011,0.0006008148193359375,0.84,21,converged,6
20121002,0.00030040740966796875,0.96,24,converged,5
20120300,0.00010013580322265625,0.92,23,converged,4
20120210,0.00030040740966796875,0.8,20,converged,5
20120201,0.00030040740966796875,0.92,23,converged,5
20120120,0.00030040740966796875,0.84,21,converged,5
20120111,0.0006008148193359375,0.88,22,converged,6
20120102,0.00030040740966796875,0.88,22,converged,5
20120030,0.00010013580322265625,0.84,21,converged,4
20120021,0.00030040740966796875,0.84,21,converged,5
20120012,0.00030040740966796875,0.84,21,converged,5
20120003,0.00010013580322265625,0.84,21,converged,4
20114000,5.0067901611328125e-05,0.88,22,converged,4
20113100,0.0002002716064453125,0.88,22,converged,5
20113010,0.0002002716064453125,0.88,22,converged,5
20113001,0.0002002716064453125,0.84,21,converged,5
20112200,0.00030040740966796875,0.84,21,converged,5
20112110,0.0006008148193359375,0.84,21,converged,6
20112101,0.0006008148193359375,0.84,21,converged,6
20112020,0.00030040740966796875,0.8,20,converged,5
20112011,0.0006008148193359375,0.84,21,converged,6
20112002,0.00030040740966796875,0.88,22,converged,5
20111300,0.0002002716064453125,0.92,23,converged,5
20111210,0.0006008148193359375,0.92,23,converged,6
20111201,0.0006008148193359375,0.84,21,converged,6
20111120,0.0006008148193359375,0.88,22,converged,6
20111111,0.001201629638671875,0.92,23,converged,7
20111102,0.0006008148193359375,0.84,21,converged,6
20111030,0.0002002716064453125,0.76,19,converged,5
20111021,0.0006008148193359375,0.8,20,cycled,6
20111012,0.0006008148193359375,0.88,22,converged,6
20111003,0.0002002716064453125,0.84,21,converged,5
20110400,5.0067901611328125e-05,1.0,25,converged,4
20110310,0.0002002716064453125,0.88,22,converged,5
20110301,0.0002002716064453125,0.88,22,converged,5
20110220,0.00030040740966796875,0.92,23,converged,5
20110211,0.0006008148193359375,0.88,22,converged,6
20110202,0.00030040740966796875,0.8,20,converged,5
20110130,0.0002002716064453125,0.76,19,converged,5
20110121,0.0006008148193359375,0.92,23,converged,6
20110112,0.0006008148193359375,0.84,21,converged,6
20110103,0.0002002716064453125,0.84,21,converged,5
20110040,5.0067901611328125e-05,0.8,20,converged,4
20110031,0.0002002716064453125,0.76,19,converged,5
20110022,0.00030040740966796875,0.8,20,converged,5
20110013,0.0002002716064453125,0.76,19,converged,5
20110004,5.0067901611328125e-05,0.8,20,converged,4
20105000,1.0013580322265625e-05,0.84,21,converged,3
20104100,5.0067901611328125e-05,0.8,20,converged,4
20104010,5.0067901611328125e-05,0.84,21,converged,4
20104001,5.0067901611328125e-05,0.84,21,converged,4
20103200,0.00010013580322265625,0.96,24,converged,4
20103110,0.0002002716064453125,0.84,21,converged,5
20103101,0.0002002716064453125,0.88,22,converged,5
20103020,0.00010013580322265625,0.84,21,converged,4
20103011,0.0002002716064453125,0.84,21,converged,5
20103002,0.00010013580322265625,0.84,21,converged,4
20102300,0.00010013580322265625,0.88,22,converged,4
20102210,0.00030040740966796875,0.84,21,converged,5
20102201,0.00030040740966796875,0.84,21,converged,5
20102120,0.00030040740966796875,0.92,23,converged,5
20102111,0.0006008148193359375,0.68,17,converged,6
20102102,0.00030040740966796875,0.72,18,converged,5
20102030,0.00010013580322265625,0.84,21,converged,4
20102021,0.00030040740966796875,0.92,23,converged,5
20102012,0.00030040740966796875,0.76,19,converged,5
20102003,0.00010013580322265625,0.76,19,converged,4
20101400,5.0067901611328125e-05,0.88,22,converged,4
20101310,0.0002002716064453125,0.96,24,converged,5
20101301,0.0002002716064453125,0.88,22,converged,5
20101220,0.00030040740966796875,0.92,23,converged,5
20101211,0.0006008148193359375,0.8,20,capped,6
20101202,0.00030040740966796875,0.68,17,capped,5
20101130,0.0002002716064453125,0.8,20,converged,5
20101121,0.0006008148193359375,0.56,14,converged,6
20101112,0.0006008148193359375,0.64,16,converged,6
20101103,0.0002002716064453125,0.72,18,converged,5
20101040,5.0067901611328125e-05,0.8,20,converged,4
20101031,0.0002002716064453125,0.84,21,converged,5
20101022,0.00030040740966796875,0.68,17,capped,5
20101013,0.0002002716064453125,0.8,20,converged,5
20101004,5.0067901611328125e-05,0.8,20,cycled,4
20100500,1.0013580322265625e-05,0.88,22,converged,3
20100410,5.0067901611328125e-05,0.88,22,converged,4
20100401,5.0067901611328125e-05,0.88,22,converged,4
20100320,0.00010013580322265625,1.0,25,cycled,4
20100311,0.0002002716064453125,0.92,23,converged,5
20100302,0.00010013580322265625,0.88,22,converged,4
20100230,0.00010013580322265625,0.88,22,converged,4
20100221,0.00030040740966796875,1.0,25,converged,5
20100212,0.00030040740966796875,0.92,23,converged,5
20100203,0.00010013580322265625,0.92,23,converged,4
20100140,5.0067901611328125e-05,0.88,22,converged,4
20100131,0.0002002716064453125,0.88,22,cycled,5
20100122,0.00030040740966796875,0.72,18,capped,5
20100113,0.0002002716064453125,0.64,16,converged,5
20100104,5.0067901611328125e-05,0.92,23,converged,4
20100050,1.0013580322265625e-05,0.88,22,converged,3
20100041,5.0067901611328125e-05,0.88,22,converged,4
20100032,0.00010013580322265625,0.8,20,capped,4
20100023,0.00010013580322265625,0.72,18,capped,4
20100014,5.0067901611328125e-05,0.8,20,cycled,4
20100005,1.0013580322265625e-05,0.84,21,converged,3
20060000,1.6689300537109375e-06,0.76,19,capped,2
20051000,1.0013580322265625e-05,0.96,24,converged,3
20050100,1.0013580322265625e-05,0.8,20,converged,3
20050010,1.0013580322265625e-05,0.72,18,capped,3
20050001,1.0013580322265625e-05,0.92,23,converged,3
20042000,2.5033950805664062e-05,0.8,20,converged,3
20041100,5.0067901611328125e-05,0.8,20,converged,4
20041010,5.0067901611328125e-05,0.84,21,converged,4
20041001,5.0067901611328125e-05,0.88,22,converged,4
20040200,2.5033950805664062e-05,0.92,23,converged,3
20040110,5.0067901611328125e-05,0.84,21,converged,4
20040101,5.0067901611328125e-05,0.8,20,converged,4
20040020,2.5033950805664062e-05,0.84,21,converged,3
20040011,5.0067901611328125e-05,0.92,23,converged,4
20040002,2.5033950805664062e-05,0.92,23,converged,3
20033000,3.337860107421875e-05,0.8,20,converged,3
20032100,0.00010013580322265625,0.92,23,converged,4
20032010,0.00010013580322265625,0.84,21,converged,4
20032001,0.00010013580322265625,0.8,20,converged,4
20031200,0.00010013580322265625,0.92,23,converged,4
20031110,0.0002002716064453125,0.8,20,converged,5
20031101,0.0002002716064453125,0.88,22,converged,5
20031020,0.00010013580322265625,0.84,21,converged,4
20031011,0.0002002716064453125,0.96,24,converged,5
20031002,0.00010013580322265625,0.88,22,converged,4
20030300,3.337860107421875e-05,0.84,21,converged,3
20030210,0.00010013580322265625,0.96,24,converged,4
20030201,0.00010013580322265625,0.96,24,converged,4
20030120,0.00010013580322265625,0.84,21,converged,4
20030111,0.0002002716064453125,0.84,21,converged,5
20030102,0.00010013580322265625,0.8,20,converged,4
20030030,3.337860107421875e-05,0.92,23,converged,3
20030021,0.00010013580322265625,0.92,23,converged,4
20030012,0.00010013580322265625,0.88,22,converged,4
20030003,3.337860107421875e-05,0.84,21,converged,3
20024000,2.5033950805664062e-05,0.8,20,capped,3
20023100,0.00010013580322265625,0.92,23,converged,4
20023010,0.00010013580322265625,0.84,21,converged,4
20023001,0.00010013580322265625,0.84,21,converged,4
20022200,0.00015020370483398438,0.84,21,converged,4
20022110,0.00030040740966796875,0.88,22,converged,5
20022101,0.00030040740966796875,0.88,22,converged,5
20022020,0.00015020370483398438,0.84,21,converged,4
20022011,0.00030040740966796875,0.84,21,converged,5
20022002,0.00015020370483398438,0.88,22,converged,4
20021300,0.00010013580322265625,0.96,24,converged,4
20021210,0.00030040740966796875,0.8,20,converged,5
20021201,0.00030040740966796875,0.68,17,capped,5
20021120,0.00030040740966796875,0.84,21,converged,5
20021111,0.0006008148193359375,0.84,21,converged,6
20021102,0.00030040740966796875,0.88,22,converged,5
20021030,0.00010013580322265625,0.84,21,converged,4
20021021,0.00030040740966796875,0.84,21,converged,5
20021012,0.00030040740966796875,0.84,21,converged,5
20021003,0.00010013580322265625,0.84,21,capped,4
20020400,2.5033950805664062e-05,1.0,25,converged,3
20020310,0.00010013580322265625,1.0,25,converged,4
20020301,0.00010013580322265625,0.84,21,cycled,4
20020220,0.00015020370483398438,0.84,21,cycled,4
20020211,0.00030040740966796875,0.92,23,converged,5
20020202,0.00015020370483398438,0.96,24,converged,4
20020130,0.00010013580322265625,0.72,18,converged,4
20020121,0.00030040740966796875,0.76,19,converged,5
20020112,0.00030040740966796875,0.8,20,converged,5
20020103,0.00010013580322265625,0.84,21,converged,4
20020040,2.5033950805664062e-05,0.84,21,converged,3
20020031,0.00010013580322265625,0.84,21,converged,4
20020022,0.00015020370483398438,0.92,23,converged,4
20020013,0.00010013580322265625,0.84,21,converged,4
20020004,2.5033950805664062e-05,0.88,22,converged,3
20015000,1.0013580322265625e-05,0.84,21,converged,3
20014100,5.0067901611328125e-05,0.88,22,converged,4
20014010,5.0067901611328125e-05,0.8,20,converged,4
20014001,5.0067901611328125e-05,0.8,20,converged,4
20013200,0.00010013580322265625,0.88,22,converged,4
20013110,0.0002002716064453125,0.84,21,converged,5
20013101,0.0002002716064453125,0.84,21,converged,5
20013020,0.00010013580322265625,0.8,20,converged,4
20013011,0.0002002716064453125,0.76,19,converged,5
20013002,0.00010013580322265625,0.84,21,converged,4
20012300,0.00010013580322265625,0.88,22,converged,4
20012210,0.00030040740966796875,0.92,23,converged,5
20012201,0.00030040740966796875,0.88,22,converged,5
20012120,0.00030040740966796875,0.72,18,converged,5
20012111,0.0006008148193359375,0.88,22,converged,6
20012102,0.00030040740966796875,0.84,21,converged,5
20012030,0.00010013580322265625,0.8,20,converged,4
20012021,0.00030040740966796875,0.8,20,converged,5
20012012,0.00030040740966796875,0.8,20,converged,5
20012003,0.00010013580322265625,0.8,20,converged,4
20011400,5.0067901611328125e-05,1.0,25,converged,4
20011310,0.0002002716064453125,0.96,24,converged,5
20011301,0.0002002716064453125,0.88,22,converged,5
20011220,0.00030040740966796875,0.88,22,converged,5
20011211,0.0006008148193359375,0.92,23,converged,6
20011202,0.00030040740966796875,0.8,20,converged,5
20011130,0.0002002716064453125,0.8,20,cycled,5
20011121,0.0006008148193359375,0.72,18,converged,6
20011112,0.0006008148193359375,0.88,22,converged,6
20011103,0.0002002716064453125,0.68,17,converged,5
20011040,5.0067901611328125e-05,0.84,21,converged,4
20011031,0.0002002716064453125,0.88,22,converged,5
20011022,0.00030040740966796875,0.72,18,capped,5
20011013,0.0002002716064453125,0.68,17,converged,5
20011004,5.0067901611328125e-05,0.68,17,cycled,4
20010500,1.0013580322265625e-05,0.96,24,converged,3
20010410,5.0067901611328125e-05,0.96,24,converged,4
20010401,5.0067901611328125e-05,1.0,25,converged,4
20010320,0.00010013580322265625,0.84,21,converged,4
20010311,0.0002002716064453125,0.88,22,converged,5
20010302,0.00010013580322265625,0.88,22,converged,4
20010230,0.00010013580322265625,0.88,22,converged,4
20010221,0.00030040740966796875,0.96,24,converged,5
20010212,0.00030040740966796875,0.92,23,converged,5
20010203,0.00010013580322265625,0.84,21,converged,4
20010140,5.0067901611328125e-05,0.88,22,converged,4
20010131,0.0002002716064453125,0.84,21,converged,5
20010122,0.00030040740966796875,0.84,21,converged,5
20010113,0.0002002716064453125,0.88,22,converged,5
20010104,5.0067901611328125e-05,0.6,15,converged,4
20010050,1.0013580322265625e-05,0.88,22,converged,3
20010041,5.0067901611328125e-05,0.88,22,converged,4
20010032,0.00010013580322265625,0.64,16,converged,4
20010023,0.00010013580322265625,0.6,15,converged,4
20010014,5.0067901611328125e-05,0.64,16,capped,4
20010005,1.0013580322265625e-05,0.68,17,cycled,3
20006000,1.6689300537109375e-06,0.8,20,converged,2
20005100,1.0013580322265625e-05,0.84,21,converged,3
20005010,1.0013580322265625e-05,0.8,20,converged,3
20005001,1.0013580322265625e-05,0.8,20,converged,3
20004200,2.5033950805664062e-05,0.92,23,converged,3
20004110,5.0067901611328125e-05,0.88,22,converged,4
20004101,5.0067901611328125e-05,0.92,23,converged,4
20004020,2.5033950805664062e-05,0.72,18,converged,3
20004011,5.0067901611328125e-05,0.88,22,converged,4
20004002,2.5033950805664062e-05,0.84,21,converged,3
20003300,3.337860107421875e-05,0.92,23,cycled,3
20003210,0.00010013580322265625,0.8,20,converged,4
20003201,0.00010013580322265625,0.8,20,converged,4
20003120,0.00010013580322265625,0.92,23,converged,4
20003111,0.0002002716064453125,0.8,20,converged,5
20003102,0.00010013580322265625,0.76,19,converged,4
20003030,3.337860107421875e-05,0.84,21,converged,3
20003021,0.00010013580322265625,0.8,20,converged,4
20003012,0.00010013580322265625,0.84,21,converged,4
20003003,3.337860107421875e-05,0.84,21,converged,3
20002400,2.5033950805664062e-05,0.88,22,converged,3
20002310,0.00010013580322265625,0.96,24,converged,4
20002301,0.00010013580322265625,0.92,23,converged,4
20002220,0.00015020370483398438,0.84,21,converged,4
20002211,0.00030040740966796875,0.68,17,converged,5
20002202,0.00015020370483398438,0.72,18,capped,4
20002130,0.00010013580322265625,0.76,19,converged,4
20002121,0.00030040740966796875,0.6,15,capped,5
20002112,0.00030040740966796875,0.68,17,converged,5
20002103,0.00010013580322265625,0.8,20,converged,4
20002040,2.5033950805664062e-05,0.84,21,converged,3
20002031,0.00010013580322265625,0.84,21,converged,4
20002022,0.00015020370483398438,0.72,18,capped,4
20002013,0.00010013580322265625,0.76,19,capped,4
20002004,2.5033950805664062e-05,0.84,21,converged,3
20001500,1.0013580322265625e-05,0.88,22,converged,3
20001410,5.0067901611328125e-05,1.0,25,converged,4
20001401,5.0067901611328125e-05,0.88,22,converged,4
20001320,0.00010013580322265625,0.96,24,converged,4
20001311,0.0002002716064453125,0.84,21,converged,5
20001302,0.00010013580322265625,0.84,21,converged,4
20001230,0.00010013580322265625,0.88,22,converged,4
20001221,0.00030040740966796875,0.96,24,converged,5
20001212,0.00030040740966796875,0.96,24,converged,5
20001203,0.00010013580322265625,0.84,21,converged,4
20001140,5.0067901611328125e-05,0.92,23,converged,4
20001131,0.0002002716064453125,0.76,19,capped,5
20001122,0.00030040740966796875,0.68,17,capped,5
20001113,0.0002002716064453125,0.68,17,converged,5
20001104,5.0067901611328125e-05,0.72,18,cycled,4
20001050,1.0013580322265625e-05,0.84,21,converged,3
20001041,5.0067901611328125e-05,0.84,21,converged,4
20001032,0.00010013580322265625,0.8,20,converged,4
20001023,0.00010013580322265625,0.72,18,cycled,4
20001014,5.0067901611328125e-05,0.76,19,converged,4
20001005,1.0013580322265625e-05,0.76,19,converged,3
20000600,1.6689300537109375e-06,0.84,21,converged,2
20000510,1.0013580322265625e-05,0.88,22,converged,3
20000501,1.0013580322265625e-05,0.8,20,converged,3
20000420,2.5033950805664062e-05,0.96,24,converged,3
20000411,5.0067901611328125e-05,0.92,23,converged,4
20000402,2.5033950805664062e-05,0.8,20,converged,3
20000330,3.337860107421875e-05,0.88,22,converged,3
20000321,0.00010013580322265625,0.96,24,cycled,4
20000312,0.00010013580322265625,0.84,21,converged,4
20000303,3.337860107421875e-05,0.8,20,converged,3
20000240,2.5033950805664062e-05,0.96,24,converged,3
20000231,0.00010013580322265625,0.92,23,converged,4
20000222,0.00015020370483398438,0.96,24,converged,4
20000213,0.00010013580322265625,1.0,25,converged,4
20000204,2.5033950805664062e-05,0.72,18,converged,3
20000150,1.0013580322265625e-05,0.92,23,converged,3
20000141,5.0067901611328125e-05,0.84,21,converged,4
20000132,0.00010013580322265625,0.92,23,converged,4
20000123,0.00010013580322265625,0.96,24,converged,4
20000114,5.0067901611328125e-05,0.68,17,converged,4
20000105,1.0013580322265625e-05,0.72,18,capped,3
20000060,1.6689300537109375e-06,0.92,23,converged,2
20000051,1.0013580322265625e-05,0.88,22,converged,3
20000042,2.5033950805664062e-05,0.8,20,capped,3
20000033,3.337860107421875e-05,0.72,18,converged,3
20000024,2.5033950805664062e-05,0.72,18,capped,3
20000015,1.0013580322265625e-05,0.72,18,capped,3
20000006,1.6689300537109375e-06,0.68,17,converged,2
17000000,4.76837158203125e-07,0.92,23,converged,2
16100000,3.337860107421875e-06,0.96,24,converged,3
16010000,3.337860107421875e-06,0.92,23,converged,3
16001000,3.337860107421875e-06,0.96,24,converged,3
16000100,3.337860107421875e-06,0.92,23,converged,3
16000010,3.337860107421875e-06,0.92,23,converged,3
16000001,3.337860107421875e-06,0.92,23,converged,3
15200000,1.0013580322265625e-05,0.92,23,cycled,3
15110000,2.002716064453125e-05,0.92,23,converged,4
15101000,2.002716064453125e-05,0.96,24,cycled,4
15100100,2.002716064453125e-05,0.92,23,converged,4
15100010,2.002716064453125e-05,0.96,24,converged,4
15100001,2.002716064453125e-05,0.92,23,converged,4
15020000,1.0013580322265625e-05,0.92,23,converged,3
15011000,2.002716064453125e-05,0.92,23,converged,4
15010100,2.002716064453125e-05,0.92,23,converged,4
15010010,2.002716064453125e-05,0.92,23,converged,4
15010001,2.002716064453125e-05,0.92,23,converged,4
15002000,1.0013580322265625e-05,0.96,24,converged,3
15001100,2.002716064453125e-05,0.92,23,converged,4
15001010,2.002716064453125e-05,0.92,23,converged,4
15001001,2.002716064453125e-05,0.92,23,converged,4
15000200,1.0013580322265625e-05,0.84,21,converged,3
15000110,2.002716064453125e-05,0.92,23,converged,4
15000101,2.002716064453125e-05,0.88,22,converged,4
15000020,1.0013580322265625e-05,0.84,21,converged,3
15000011,2.002716064453125e-05,0.92,23,converged,4
15000002,1.0013580322265625e-05,0.88,22,converged,3
14300000,1.6689300537109375e-05,1.0,25,converged,3
14210000,5.0067901611328125e-05,0.96,24,converged,4
14201000,5.0067901611328125e-05,0.96,24,converged,4
14200100,5.0067901611328125e-05,0.96,24,converged,4
14200010,5.0067901611328125e-05,0.96,24,converged,4
14200001,5.0067901611328125e-05,0.96,24,converged,4
14120000,5.0067901611328125e-05,0.96,24,converged,4
14111000,0.00010013580322265625,0.96,24,converged,5
14110100,0.00010013580322265625,0.92,23,converged,5
14110010,0.00010013580322265625,0.92,23,converged,5
14110001,0.00010013580322265625,0.96,24,converged,5
14102000,5.0067901611328125e-05,0.96,24,converged,4
14101100,0.00010013580322265625,0.92,23,converged,5
14101010,0.00010013580322265625,0.96,24,converged,5
14101001,0.00010013580322265625,0.96,24,converged,5
14100200,5.0067901611328125e-05,0.8,20,converged,4
14100110,0.00010013580322265625,0.92,23,converged,5
14100101,0.00010013580322265625,0.88,22,converged,5
14100020,5.0067901611328125e-05,0.92,23,converged,4
14100011,0.00010013580322265625,0.92,23,converged,5
14100002,5.0067901611328125e-05,0.92,23,converged,4
14030000,1.6689300537109375e-05,0.92,23,converged,3
14021000,5.0067901611328125e-05,0.92,23,converged,4
14020100,5.0067901611328125e-05,0.92,23,converged,4
14020010,5.0067901611328125e-05,0.92,23,converged,4
14020001,5.0067901611328125e-05,0.96,24,converged,4
14012000,5.0067901611328125e-05,0.96,24,converged,4
14011100,0.00010013580322265625,0.92,23,converged,5
14011010,0.00010013580322265625,0.92,23,converged,5
14011001,0.00010013580322265625,0.92,23,converged,5
14010200,5.0067901611328125e-05,0.84,21,converged,4
14010110,0.00010013580322265625,0.92,23,converged,5
14010101,0.00010013580322265625,0.88,22,converged,5
14010020,5.0067901611328125e-05,0.88,22,converged,4
14010011,0.00010013580322265625,0.88,22,converged,5
14010002,5.0067901611328125e-05,0.88,22,converged,4
14003000,1.6689300537109375e-05,0.96,24,converged,3
14002100,5.0067901611328125e-05,0.88,22,converged,4
14002010,5.0067901611328125e-05,0.96,24,converged,4
14002001,5.0067901611328125e-05,0.96,24,converged,4
14001200,5.0067901611328125e-05,0.8,20,converged,4
14001110,0.00010013580322265625,0.88,22,converged,5
14001101,0.00010013580322265625,0.88,22,converged,5
14001020,5.0067901611328125e-05,0.96,24,converged,4
14001011,0.00010013580322265625,0.84,21,converged,5
14001002,5.0067901611328125e-05,0.92,23,converged,4
14000300,1.6689300537109375e-05,0.84,21,converged,3
14000210,5.0067901611328125e-05,0.96,24,converged,4
14000201,5.0067901611328125e-05,0.88,22,cycled,4
14000120,5.0067901611328125e-05,0.8,20,converged,4
14000111,0.00010013580322265625,0.8,20,converged,5
14000102,5.0067901611328125e-05,0.96,24,converged,4
14000030,1.6689300537109375e-05,0.76,19,converged,3
14000021,5.0067901611328125e-05,0.76,19,converged,4
14000012,5.0067901611328125e-05,0.84,21,converged,4
14000003,1.6689300537109375e-05,0.88,22,converged,3
13400000,1.6689300537109375e-05,1.0,25,converged,3
13310000,6.67572021484375e-05,1.0,25,converged,4
13301000,6.67572021484375e-05,1.0,25,converged,4
13300100,6.67572021484375e-05,0.92,23,converged,4
13300010,6.67572021484375e-05,0.96,24,cycled,4
13300001,6.67572021484375e-05,1.0,25,converged,4
13220000,0.00010013580322265625,0.96,24,converged,4
13211000,0.0002002716064453125,1.0,25,converged,5
13210100,0.0002002716064453125,0.88,22,converged,5
13210010,0.0002002716064453125,0.96,24,converged,5
13210001,0.0002002716064453125,0.96,24,converged,5
13202000,0.00010013580322265625,1.0,25,converged,4
13201100,0.0002002716064453125,0.88,22,converged,5
13201010,0.0002002716064453125,0.96,24,converged,5
13201001,0.0002002716064453125,0.92,23,converged,5
13200200,0.00010013580322265625,0.84,21,converged,4
13200110,0.0002002716064453125,0.88,22,converged,5
13200101,0.0002002716064453125,0.96,24,cycled,5
13200020,0.00010013580322265625,0.96,24,converged,4
13200011,0.0002002716064453125,0.88,22,converged,5
13200002,0.00010013580322265625,0.88,22,cycled,4
13130000,6.67572021484375e-05,0.92,23,cycled,4
13121000,0.0002002716064453125,0.96,24,converged,5
13120100,0.0002002716064453125,0.88,22,cycled,5
13120010,0.0002002716064453125,0.92,23,converged,5
13120001,0.0002002716064453125,0.96,24,converged,5
13112000,0.0002002716064453125,0.96,24,converged,5
13111100,0.000400543212890625,0.84,21,converged,6
13111010,0.000400543212890625,0.96,24,converged,6
13111001,0.000400543212890625,0.92,23,converged,6
13110200,0.0002002716064453125,0.8,20,converged,5
13110110,0.000400543212890625,0.88,22,converged,6
13110101,0.000400543212890625,0.84,21,converged,6
13110020,0.0002002716064453125,0.92,23,converged,5
13110011,0.000400543212890625,0.88,22,converged,6
13110002,0.0002002716064453125,0.92,23,converged,5
13103000,6.67572021484375e-05,1.0,25,converged,4
13102100,0.0002002716064453125,0.8,20,converged,5
13102010,0.0002002716064453125,0.88,22,converged,5
13102001,0.0002002716064453125,0.88,22,converged,5
13101200,0.0002002716064453125,0.8,20,converged,5
13101110,0.000400543212890625,0.88,22,converged,6
13101101,0.000400543212890625,0.84,21,converged,6
13101020,0.0002002716064453125,0.96,24,converged,5
13101011,0.000400543212890625,0.88,22,converged,6
13101002,0.0002002716064453125,0.8,20,converged,5
13100300,6.67572021484375e-05,1.0,25,converged,4
13100210,0.0002002716064453125,0.8,20,converged,5
13100201,0.0002002716064453125,0.8,20,converged,5
13100120,0.0002002716064453125,0.84,21,converged,5
13100111,0.000400543212890625,0.8,20,converged,6
13100102,0.0002002716064453125,0.8,20,converged,5
13100030,6.67572021484375e-05,0.88,22,converged,4
13100021,0.0002002716064453125,0.84,21,converged,5
13100012,0.0002002716064453125,0.84,21,converged,5
13100003,6.67572021484375e-05,0.8,20,converged,4
13040000,1.6689300537109375e-05,0.92,23,converged,3
13031000,6.67572021484375e-05,0.88,22,converged,4
13030100,6.67572021484375e-05,0.92,23,converged,4
13030010,6.67572021484375e-05,0.92,23,converged,4
13030001,6.67572021484375e-05,0.84,21,converged,4
13022000,0.00010013580322265625,0.96,24,converged,4
13021100,0.0002002716064453125,0.88,22,converged,5
13021010,0.0002002716064453125,0.92,23,converged,5
13021001,0.0002002716064453125,0.92,23,converged,5
13020200,0.00010013580322265625,0.84,21,converged,4
13020110,0.0002002716064453125,0.84,21,converged,5
13020101,0.0002002716064453125,0.92,23,converged,5
13020020,0.00010013580322265625,0.88,22,converged,4
13020011,0.0002002716064453125,0.84,21,converged,5
13020002,0.00010013580322265625,0.84,21,converged,4
13013000,6.67572021484375e-05,0.96,24,converged,4
13012100,0.0002002716064453125,0.84,21,converged,5
13012010,0.0002002716064453125,0.96,24,converged,5
13012001,0.0002002716064453125,0.88,22,converged,5
13011200,0.0002002716064453125,0.8,20,converged,5
13011110,0.000400543212890625,0.88,22,converged,6
13011101,0.000400543212890625,0.84,21,converged,6
13011020,0.0002002716064453125,0.88,22,converged,5
13011011,0.000400543212890625,0.88,22,converged,6
13011002,0.0002002716064453125,0.92,23,converged,5
13010300,6.67572021484375e-05,0.88,22,converged,4
13010210,0.0002002716064453125,0.84,21,converged,5
13010201,0.0002002716064453125,0.84,21,converged,5
13010120,0.0002002716064453125,0.88,22,converged,5
13010111,0.000400543212890625,0.92,23,converged,6
13010102,0.0002002716064453125,0.96,24,converged,5
13010030,6.67572021484375e-05,0.84,21,converged,4
13010021,0.0002002716064453125,0.84,21,converged,5
13010012,0.0002002716064453125,0.84,21,converged,5
13010003,6.67572021484375e-05,0.88,22,converged,4
13004000,1.6689300537109375e-05,0.92,23,converged,3
13003100,6.67572021484375e-05,0.8,20,converged,4
13003010,6.67572021484375e-05,0.96,24,converged,4
13003001,6.67572021484375e-05,0.92,23,converged,4
13002200,0.00010013580322265625,0.76,19,cycled,4
13002110,0.0002002716064453125,0.84,21,converged,5
13002101,0.0002002716064453125,0.84,21,converged,5
13002020,0.00010013580322265625,0.92,23,converged,4
13002011,0.0002002716064453125,0.84,21,converged,5
13002002,0.00010013580322265625,0.84,21,converged,4
13001300,6.67572021484375e-05,0.88,22,converged,4
13001210,0.0002002716064453125,0.8,20,capped,5
13001201,0.0002002716064453125,0.96,24,converged,5
13001120,0.0002002716064453125,0.8,20,converged,5
13001111,0.000400543212890625,0.92,23,converged,6
13001102,0.0002002716064453125,0.88,22,cycled,5
13001030,6.67572021484375e-05,0.84,21,converged,4
13001021,0.0002002716064453125,0.8,20,cycled,5
13001012,0.0002002716064453125,0.84,21,converged,5
13001003,6.67572021484375e-05,0.92,23,converged,4
13000400,1.6689300537109375e-05,0.92,23,converged,3
13000310,6.67572021484375e-05,0.96,24,converged,4
13000301,6.67572021484375e-05,0.8,20,cycled,4
13000220,0.00010013580322265625,0.8,20,converged,4
13000211,0.0002002716064453125,0.76,19,converged,5
13000202,0.00010013580322265625,0.72,18,capped,4
13000130,6.67572021484375e-05,0.72,18,converged,4
13000121,0.0002002716064453125,0.8,20,converged,5
13000112,0.0002002716064453125,0.88,22,converged,5
13000103,6.67572021484375e-05,0.88,22,cycled,4
13000040,1.6689300537109375e-05,0.8,20,converged,3
13000031,6.67572021484375e-05,0.72,18,converged,4
13000022,0.00010013580322265625,0.84,21,converged,4
13000013,6.67572021484375e-05,0.84,21,converged,4
13000004,1.6689300537109375e-05,0.88,22,converged,3
12500000,1.0013580322265625e-05,1.0,25,converged,3
12410000,5.0067901611328125e-05,0.92,23,converged,4
12401000,5.0067901611328125e-05,1.0,25,converged,4
12400100,5.0067901611328125e-05,0.92,23,converged,4
12400010,5.0067901611328125e-05,1.0,25,converged,4
12400001,5.0067901611328125e-05,0.92,23,converged,4
12320000,0.00010013580322265625,0.96,24,converged,4
12311000,0.0002002716064453125,1.0,25,converged,5
12310100,0.0002002716064453125,0.8,20,capped,5
12310010,0.0002002716064453125,0.92,23,converged,5
12310001,0.0002002716064453125,0.88,22,capped,5
12302000,0.00010013580322265625,1.0,25,converged,4
12301100,0.0002002716064453125,0.92,23,converged,5
12301010,0.0002002716064453125,1.0,25,converged,5
12301001,0.0002002716064453125,0.96,24,converged,5
12300200,0.00010013580322265625,0.96,24,converged,4
12300110,0.0002002716064453125,0.84,21,converged,5
12300101,0.0002002716064453125,0.92,23,converged,5
12300020,0.00010013580322265625,0.88,22,cycled,4
12300011,0.0002002716064453125,0.96,24,cycled,5
12300002,0.00010013580322265625,0.88,22,converged,4
12230000,0.00010013580322265625,0.96,24,converged,4
12221000,0.00030040740966796875,0.92,23,converged,5
12220100,0.00030040740966796875,0.96,24,converged,5
12220010,0.00030040740966796875,0.96,24,converged,5
12220001,0.00030040740966796875,0.92,23,converged,5
12212000,0.00030040740966796875,0.92,23,converged,5
12211100,0.0006008148193359375,0.84,21,converged,6
12211010,0.0006008148193359375,0.92,23,converged,6
12211001,0.0006008148193359375,0.96,24,converged,6
12210200,0.00030040740966796875,0.88,22,converged,5
12210110,0.0006008148193359375,0.84,21,converged,6
12210101,0.0006008148193359375,0.88,22,converged,6
12210020,0.00030040740966796875,0.92,23,converged,5
12210011,0.0006008148193359375,0.92,23,converged,6
12210002,0.00030040740966796875,0.88,22,converged,5
12203000,0.00010013580322265625,0.84,21,converged,4
12202100,0.00030040740966796875,0.88,22,converged,5
12202010,0.00030040740966796875,0.88,22,converged,5
12202001,0.00030040740966796875,0.84,21,cycled,5
12201200,0.00030040740966796875,0.92,23,converged,5
12201110,0.0006008148193359375,0.92,23,converged,6
12201101,0.0006008148193359375,0.84,21,converged,6
12201020,0.00030040740966796875,0.84,21,converged,5
12201011,0.0006008148193359375,0.84,21,converged,6
12201002,0.00030040740966796875,0.84,21,converged,5
12200300,0.00010013580322265625,0.88,22,converged,4
12200210,0.00030040740966796875,0.88,22,cycled,5
12200201,0.00030040740966796875,0.88,22,cycled,5
12200120,0.00030040740966796875,0.84,21,converged,5
12200111,0.0006008148193359375,0.88,22,converged,6
12200102,0.00030040740966796875,0.88,22,converged,5
12200030,0.00010013580322265625,0.88,22,converged,4
12200021,0.00030040740966796875,0.8,20,converged,5
12200012,0.00030040740966796875,0.8,20,converged,5
12200003,0.00010013580322265625,0.8,20,converged,4
12140000,5.0067901611328125e-05,0.84,21,converged,4
12131000,0.0002002716064453125,0.92,23,converged,5
12130100,0.0002002716064453125,0.92,23,converged,5
12130010,0.0002002716064453125,0.88,22,converged,5
12130001,0.0002002716064453125,0.92,23,converged,5
12122000,0.00030040740966796875,0.96,24,converged,5
12121100,0.0006008148193359375,0.84,21,converged,6
12121010,0.0006008148193359375,0.92,23,converged,6
12121001,0.0006008148193359375,0.92,23,converged,6
12120200,0.00030040740966796875,0.84,21,converged,5
12120110,0.0006008148193359375,0.88,22,converged,6
12120101,0.0006008148193359375,0.84,21,converged,6
12120020,0.00030040740966796875,0.84,21,converged,5
12120011,0.0006008148193359375,0.88,22,converged,6
12120002,0.00030040740966796875,0.92,23,converged,5
12113000,0.0002002716064453125,0.92,23,converged,5
12112100,0.0006008148193359375,0.84,21,converged,6
12112010,0.0006008148193359375,0.96,24,converged,6
12112001,0.0006008148193359375,0.92,23,converged,6
12111200,0.0006008148193359375,0.96,24,converged,6
12111110,0.001201629638671875,0.8,20,converged,7
12111101,0.001201629638671875,0.84,21,converged,7
12111020,0.0006008148193359375,0.92,23,converged,6
12111011,0.001201629638671875,0.92,23,converged,7
12111002,0.0006008148193359375,0.88,22,converged,6
12110300,0.0002002716064453125,1.0,25,converged,5
12110210,0.0006008148193359375,0.8,20,converged,6
12110201,0.0006008148193359375,0.8,20,converged,6
12110120,0.0006008148193359375,0.8,20,converged,6
12110111,0.001201629638671875,0.8,20,converged,7
12110102,0.0006008148193359375,0.84,21,converged,6
12110030,0.0002002716064453125,0.88,22,converged,5
12110021,0.0006008148193359375,0.84,21,converged,6
12110012,0.0006008148193359375,0.88,22,converged,6
12110003,0.0002002716064453125,0.76,19,converged,5
12104000,5.0067901611328125e-05,0.92,23,converged,4
12103100,0.0002002716064453125,0.92,23,converged,5
12103010,0.0002002716064453125,0.88,22,converged,5
12103001,0.0002002716064453125,0.84,21,converged,5
12102200,0.00030040740966796875,0.84,21,converged,5
12102110,0.0006008148193359375,0.84,21,converged,6
12102101,0.0006008148193359375,0.88,22,converged,6
12102020,0.00030040740966796875,0.88,22,converged,5
12102011,0.0006008148193359375,0.8,20,converged,6
12102002,0.00030040740966796875,0.8,20,converged,5
12101300,0.0002002716064453125,0.88,22,converged,5
12101210,0.0006008148193359375,0.76,19,converged,6
12101201,0.0006008148193359375,0.92,23,capped,6
12101120,0.0006008148193359375,0.84,21,converged,6
12101111,0.001201629638671875,0.84,21,converged,7
12101102,0.0006008148193359375,0.8,20,cycled,6
12101030,0.0002002716064453125,0.8,20,converged,5
12101021,0.0006008148193359375,0.84,21,converged,6
12101012,0.0006008148193359375,0.8,20,converged,6
12101003,0.0002002716064453125,0.84,21,converged,5
12100400,5.0067901611328125e-05,1.0,25,converged,4
12100310,0.0002002716064453125,0.88,22,converged,5
12100301,0.0002002716064453125,0.8,20,converged,5
12100220,0.00030040740966796875,0.88,22,converged,5
12100211,0.0006008148193359375,0.84,21,capped,6
12100202,0.00030040740966796875,0.68,17,capped,5
12100130,0.0002002716064453125,0.76,19,converged,5
12100121,0.0006008148193359375,0.8,20,converged,6
12100112,0.0006008148193359375,0.84,21,converged,6
12100103,0.0002002716064453125,0.8,20,converged,5
12100040,5.0067901611328125e-05,0.76,19,converged,4
12100031,0.0002002716064453125,0.84,21,converged,5
12100022,0.00030040740966796875,0.8,20,converged,5
12100013,0.0002002716064453125,0.84,21,converged,5
12100004,5.0067901611328125e-05,0.92,23,converged,4
12050000,1.0013580322265625e-05,0.76,19,capped,3
12041000,5.0067901611328125e-05,0.84,21,converged,4
12040100,5.0067901611328125e-05,0.84,21,converged,4
12040010,5.0067901611328125e-05,0.8,20,converged,4
12040001,5.0067901611328125e-05,0.68,17,converged,4
12032000,0.00010013580322265625,0.88,22,converged,4
12031100,0.0002002716064453125,0.92,23,capped,5
12031010,0.0002002716064453125,0.88,22,converged,5
12031001,0.0002002716064453125,0.8,20,converged,5
12030200,0.00010013580322265625,0.8,20,converged,4
12030110,0.0002002716064453125,0.84,21,converged,5
12030101,0.0002002716064453125,0.96,24,converged,5
12030020,0.00010013580322265625,0.8,20,converged,4
12030011,0.0002002716064453125,0.84,21,converged,5
12030002,0.00010013580322265625,0.92,23,converged,4
12023000,0.00010013580322265625,0.96,24,converged,4
12022100,0.00030040740966796875,0.84,21,converged,5
12022010,0.00030040740966796875,0.84,21,converged,5
12022001,0.00030040740966796875,0.96,24,converged,5
12021200,0.00030040740966796875,0.84,21,converged,5
12021110,0.0006008148193359375,1.0,25,converged,6
12021101,0.0006008148193359375,0.84,21,converged,6
12021020,0.00030040740966796875,0.84,21,converged,5
12021011,0.0006008148193359375,0.84,21,converged,6
12021002,0.00030040740966796875,0.92,23,converged,5
12020300,0.00010013580322265625,0.92,23,converged,4
12020210,0.00030040740966796875,0.88,22,converged,5
12020201,0.00030040740966796875,0.84,21,converged,5
12020120,0.00030040740966796875,0.88,22,converged,5
12020111,0.0006008148193359375,0.92,23,converged,6
12020102,0.00030040740966796875,0.92,23,converged,5
12020030,0.00010013580322265625,0.76,19,converged,4
12020021,0.00030040740966796875,0.84,21,converged,5
12020012,0.00030040740966796875,0.88,22,converged,5
12020003,0.00010013580322265625,0.92,23,converged,4
12014000,5.0067901611328125e-05,0.96,24,converged,4
12013100,0.0002002716064453125,0.84,21,converged,5
12013010,0.0002002716064453125,0.88,22,converged,5
12013001,0.0002002716064453125,0.88,22,converged,5
12012200,0.00030040740966796875,0.88,22,converged,5
12012110,0.0006008148193359375,0.88,22,converged,6
12012101,0.0006008148193359375,0.84,21,converged,6
12012020,0.00030040740966796875,0.88,22,converged,5
12012011,0.0006008148193359375,0.84,21,converged,6
12012002,0.00030040740966796875,0.84,21,converged,5
12011300,0.0002002716064453125,0.92,23,converged,5
12011210,0.0006008148193359375,0.84,21,converged,6
12011201,0.0006008148193359375,0.84,21,converged,6
12011120,0.0006008148193359375,0.84,21,converged,6
12011111,0.001201629638671875,0.8,20,converged,7
12011102,0.0006008148193359375,0.96,24,converged,6
12011030,0.0002002716064453125,0.8,20,converged,5
12011021,0.0006008148193359375,0.84,21,converged,6
12011012,0.0006008148193359375,0.84,21,converged,6
12011003,0.0002002716064453125,0.84,21,converged,5
12010400,5.0067901611328125e-05,1.0,25,converged,4
12010310,0.0002002716064453125,0.84,21,converged,5
12010301,0.0002002716064453125,0.88,22,converged,5
12010220,0.00030040740966796875,0.84,21,converged,5
12010211,0.0006008148193359375,0.8,20,converged,6
12010202,0.00030040740966796875,0.8,20,converged,5
12010130,0.0002002716064453125,0.72,18,converged,5
12010121,0.0006008148193359375,0.84,21,converged,6
12010112,0.0006008148193359375,0.88,22,converged,6
12010103,0.0002002716064453125,0.92,23,converged,5
12010040,5.0067901611328125e-05,0.68,17,converged,4
12010031,0.0002002716064453125,0.76,19,converged,5
12010022,0.00030040740966796875,0.84,21,converged,5
12010013,0.0002002716064453125,0.84,21,converged,5
12010004,5.0067901611328125e-05,0.84,21,converged,4
12005000,1.0013580322265625e-05,0.88,22,converged,3
12004100,5.0067901611328125e-05,0.8,20,converged,4
12004010,5.0067901611328125e-05,0.88,22,converged,4
12004001,5.0067901611328125e-05,0.84,21,converged,4
12003200,0.00010013580322265625,0.92,23,converged,4
12003110,0.0002002716064453125,0.8,20,converged,5
12003101,0.0002002716064453125,0.96,24,converged,5
12003020,0.00010013580322265625,0.88,22,converged,4
12003011,0.0002002716064453125,0.84,21,converged,5
12003002,0.00010013580322265625,0.84,21,converged,4
12002300,0.00010013580322265625,0.96,24,converged,4
12002210,0.00030040740966796875,0.76,19,capped,5
12002201,0.00030040740966796875,0.76,19,cycled,5
12002120,0.00030040740966796875,0.72,18,capped,5
12002111,0.0006008148193359375,0.92,23,converged,6
12002102,0.00030040740966796875,0.76,19,cycled,5
12002030,0.00010013580322265625,0.76,19,capped,4
12002021,0.00030040740966796875,0.88,22,converged,5
12002012,0.00030040740966796875,0.88,22,converged,5
12002003,0.00010013580322265625,0.92,23,converged,4
12001400,5.0067901611328125e-05,0.92,23,converged,4
12001310,0.0002002716064453125,0.92,23,converged,5
12001301,0.0002002716064453125,0.96,24,converged,5
12001220,0.00030040740966796875,0.96,24,converged,5
12001211,0.0006008148193359375,0.96,24,cycled,6
12001202,0.00030040740966796875,0.96,24,converged,5
12001130,0.0002002716064453125,0.72,18,capped,5
12001121,0.0006008148193359375,1.0,25,converged,6
12001112,0.0006008148193359375,0.8,20,capped,6
12001103,0.0002002716064453125,0.92,23,converged,5
12001040,5.0067901611328125e-05,0.8,20,converged,4
12001031,0.0002002716064453125,0.8,20,converged,5
12001022,0.00030040740966796875,0.84,21,converged,5
12001013,0.0002002716064453125,0.88,22,converged,5
12001004,5.0067901611328125e-05,0.88,22,converged,4
12000500,1.0013580322265625e-05,0.96,24,converged,3
12000410,5.0067901611328125e-05,0.92,23,cycled,4
12000401,5.0067901611328125e-05,1.0,25,converged,4
12000320,0.00010013580322265625,0.96,24,capped,4
12000311,0.0002002716064453125,1.0,25,converged,5
12000302,0.00010013580322265625,0.92,23,converged,4
12000230,0.00010013580322265625,0.88,22,converged,4
12000221,0.00030040740966796875,0.88,22,converged,5
12000212,0.00030040740966796875,1.0,25,cycled,5
12000203,0.00010013580322265625,0.96,24,capped,4
12000140,5.0067901611328125e-05,0.88,22,converged,4
12000131,0.0002002716064453125,0.92,23,converged,5
12000122,0.00030040740966796875,1.0,25,converged,5
12000113,0.0002002716064453125,0.84,21,converged,5
12000104,5.0067901611328125e-05,0.84,21,converged,4
12000050,1.0013580322265625e-05,0.84,21,converged,3
12000041,5.0067901611328125e-05,0.8,20,converged,4
12000032,0.00010013580322265625,0.84,21,converged,4
12000023,0.00010013580322265625,0.88,22,converged,4
12000014,5.0067901611328125e-05,0.84,21,converged,4
12000005,1.0013580322265625e-05,0.84,21,converged,3
11600000,3.337860107421875e-06,0.76,19,capped,3
11510000,2.002716064453125e-05,0.96,24,converged,4
11501000,2.002716064453125e-05,0.76,19,converged,4
11500100,2.002716064453125e-05,0.92,23,converged,4
11500010,2.002716064453125e-05,1.0,25,converged,4
11500001,2.002716064453125e-05,0.84,21,converged,4
11420000,5.0067901611328125e-05,0.92,23,capped,4
11411000,0.00010013580322265625,0.96,24,converged,5
11410100,0.00010013580322265625,0.88,22,converged,5
11410010,0.00010013580322265625,0.92,23,converged,5
11410001,0.00010013580322265625,0.92,23,converged,5
11402000,5.0067901611328125e-05,0.76,19,converged,4
11401100,0.00010013580322265625,0.88,22,converged,5
11401010,0.00010013580322265625,1.0,25,converged,5
11401001,0.00010013580322265625,0.84,21,converged,5
11400200,5.0067901611328125e-05,0.88,22,converged,4
11400110,0.00010013580322265625,0.92,23,converged,5
11400101,0.00010013580322265625,0.92,23,converged,5
11400020,5.0067901611328125e-05,1.0,25,converged,4
11400011,0.00010013580322265625,1.0,25,converged,5
11400002,5.0067901611328125e-05,0.92,23,converged,4
11330000,6.67572021484375e-05,0.88,22,capped,4
11321000,0.0002002716064453125,0.96,24,converged,5
11320100,0.0002002716064453125,0.76,19,capped,5
11320010,0.0002002716064453125,0.92,23,converged,5
11320001,0.0002002716064453125,0.84,21,converged,5
11312000,0.0002002716064453125,1.0,25,converged,5
11311100,0.000400543212890625,0.88,22,converged,6
11311010,0.000400543212890625,1.0,25,cycled,6
11311001,0.000400543212890625,0.92,23,converged,6
11310200,0.0002002716064453125,0.92,23,converged,5
11310110,0.000400543212890625,0.88,22,converged,6
11310101,0.000400543212890625,0.92,23,converged,6
11310020,0.0002002716064453125,0.92,23,cycled,5
11310011,0.000400543212890625,0.92,23,converged,6
11310002,0.0002002716064453125,0.92,23,converged,5
11303000,6.67572021484375e-05,0.76,19,converged,4
11302100,0.0002002716064453125,0.88,22,converged,5
11302010,0.0002002716064453125,0.92,23,converged,5
11302001,0.0002002716064453125,0.8,20,converged,5
11301200,0.0002002716064453125,0.96,24,converged,5
11301110,0.000400543212890625,0.92,23,converged,6
11301101,0.000400543212890625,0.92,23,converged,6
11301020,0.0002002716064453125,0.96,24,converged,5
11301011,0.000400543212890625,0.92,23,converged,6
11301002,0.0002002716064453125,0.76,19,converged,5
11300300,6.67572021484375e-05,0.92,23,converged,4
11300210,0.0002002716064453125,0.88,22,cycled,5
11300201,0.0002002716064453125,0.84,21,converged,5
11300120,0.0002002716064453125,0.88,22,converged,5
11300111,0.000400543212890625,0.84,21,converged,6
11300102,0.0002002716064453125,0.76,19,converged,5
11300030,6.67572021484375e-05,0.84,21,converged,4
11300021,0.0002002716064453125,0.8,20,converged,5
11300012,0.0002002716064453125,0.92,23,converged,5
11300003,6.67572021484375e-05,0.88,22,converged,4
11240000,5.0067901611328125e-05,0.76,19,capped,4
11231000,0.0002002716064453125,1.0,25,capped,5
11230100,0.0002002716064453125,0.88,22,cycled,5
11230010,0.0002002716064453125,0.92,23,converged,5
11230001,0.0002002716064453125,0.88,22,converged,5
11222000,0.00030040740966796875,0.96,24,converged,5
11221100,0.0006008148193359375,1.0,25,converged,6
11221010,0.0006008148193359375,0.92,23,converged,6
11221001,0.0006008148193359375,0.88,22,converged,6
11220200,0.00030040740966796875,0.92,23,cycled,5
11220110,0.0006008148193359375,0.84,21,converged,6
11220101,0.0006008148193359375,0.88,22,converged,6
11220020,0.00030040740966796875,0.96,24,converged,5
11220011,0.0006008148193359375,0.88,22,converged,6
11220002,0.00030040740966796875,0.88,22,converged,5
11213000,0.0002002716064453125,1.0,25,converged,5
11212100,0.0006008148193359375,0.92,23,converged,6
11212010,0.0006008148193359375,0.92,23,converged,6
11212001,0.0006008148193359375,0.96,24,converged,6
11211200,0.0006008148193359375,0.88,22,converged,6
11211110,0.001201629638671875,0.84,21,converged,7
11211101,0.001201629638671875,0.84,21,converged,7
11211020,0.0006008148193359375,0.88,22,converged,6
11211011,0.001201629638671875,0.88,22,converged,7
11211002,0.0006008148193359375,0.92,23,converged,6
11210300,0.0002002716064453125,0.96,24,converged,5
11210210,0.0006008148193359375,0.84,21,converged,6
11210201,0.0006008148193359375,0.84,21,converged,6
11210120,0.0006008148193359375,0.84,21,converged,6
11210111,0.001201629638671875,0.96,24,converged,7
11210102,0.0006008148193359375,0.84,21,capped,6
11210030,0.0002002716064453125,0.88,22,converged,5
11210021,0.0006008148193359375,0.84,21,converged,6
11210012,0.0006008148193359375,0.88,22,cycled,6
11210003,0.0002002716064453125,0.96,24,converged,5
11204000,5.0067901611328125e-05,0.84,21,converged,4
11203100,0.0002002716064453125,0.92,23,converged,5
11203010,0.0002002716064453125,0.88,22,converged,5
11203001,0.0002002716064453125,0.88,22,converged,5
11202200,0.00030040740966796875,0.8,20,converged,5
11202110,0.0006008148193359375,0.88,22,converged,6
11202101,0.0006008148193359375,0.84,21,converged,6
11202020,0.00030040740966796875,0.84,21,converged,5
11202011,0.0006008148193359375,0.84,21,converged,6
11202002,0.00030040740966796875,0.8,20,converged,5
11201300,0.0002002716064453125,0.88,22,converged,5
11201210,0.0006008148193359375,0.84,21,converged,6
11201201,0.0006008148193359375,0.88,22,converged,6
11201120,0.0006008148193359375,0.88,22,converged,6
11201111,0.001201629638671875,0.88,22,converged,7
11201102,0.0006008148193359375,0.88,22,converged,6
11201030,0.0002002716064453125,0.8,20,converged,5
11201021,0.0006008148193359375,0.8,20,converged,6
11201012,0.0006008148193359375,0.8,20,converged,6
11201003,0.0002002716064453125,0.88,22,converged,5
11200400,5.0067901611328125e-05,0.96,24,converged,4
11200310,0.0002002716064453125,0.96,24,converged,5
11200301,0.0002002716064453125,0.88,22,converged,5
11200220,0.00030040740966796875,0.84,21,converged,5
11200211,0.0006008148193359375,0.8,20,converged,6
11200202,0.00030040740966796875,0.8,20,converged,5
11200130,0.0002002716064453125,0.72,18,capped,5
11200121,0.0006008148193359375,0.72,18,converged,6
11200112,0.0006008148193359375,0.88,22,capped,6
11200103,0.0002002716064453125,0.84,21,converged,5
11200040,5.0067901611328125e-05,0.84,21,converged,4
11200031,0.0002002716064453125,0.84,21,converged,5
11200022,0.00030040740966796875,0.8,20,converged,5
11200013,0.0002002716064453125,0.88,22,converged,5
11200004,5.0067901611328125e-05,0.92,23,converged,4
11150000,2.002716064453125e-05,1.0,25,converged,4
11141000,0.00010013580322265625,0.84,21,converged,5
11140100,0.00010013580322265625,0.88,22,converged,5
11140010,0.00010013580322265625,0.76,19,capped,5
11140001,0.00010013580322265625,0.64,16,converged,5
11132000,0.0002002716064453125,0.92,23,converged,5
11131100,0.000400543212890625,0.8,20,converged,6
11131010,0.000400543212890625,0.96,24,converged,6
11131001,0.000400543212890625,0.92,23,converged,6
11130200,0.0002002716064453125,1.0,25,cycled,5
11130110,0.000400543212890625,0.8,20,converged,6
11130101,0.000400543212890625,0.8,20,converged,6
11130020,0.0002002716064453125,0.8,20,converged,5
11130011,0.000400543212890625,0.76,19,capped,6
11130002,0.0002002716064453125,0.88,22,converged,5
11123000,0.0002002716064453125,0.92,23,converged,5
11122100,0.0006008148193359375,1.0,25,converged,6
11122010,0.0006008148193359375,0.92,23,converged,6
11122001,0.0006008148193359375,0.88,22,converged,6
11121200,0.0006008148193359375,0.96,24,converged,6
11121110,0.001201629638671875,0.8,20,converged,7
11121101,0.001201629638671875,0.84,21,converged,7
11121020,0.0006008148193359375,0.88,22,converged,6
11121011,0.001201629638671875,0.88,22,converged,7
11121002,0.0006008148193359375,0.88,22,converged,6
11120300,0.0002002716064453125,0.96,24,converged,5
11120210,0.0006008148193359375,0.88,22,converged,6
11120201,0.0006008148193359375,0.84,21,converged,6
11120120,0.0006008148193359375,0.84,21,converged,6
11120111,0.001201629638671875,0.84,21,converged,7
11120102,0.0006008148193359375,0.88,22,converged,6
11120030,0.0002002716064453125,0.84,21,converged,5
11120021,0.0006008148193359375,0.88,22,converged,6
11120012,0.0006008148193359375,0.88,22,converged,6
11120003,0.0002002716064453125,0.88,22,cycled,5
11114000,0.00010013580322265625,1.0,25,converged,5
11113100,0.000400543212890625,0.88,22,converged,6
11113010,0.000400543212890625,0.88,22,converged,6
11113001,0.000400543212890625,0.92,23,converged,6
11112200,0.0006008148193359375,0.96,24,converged,6
11112110,0.001201629638671875,0.84,21,converged,7
11112101,0.001201629638671875,0.8,20,converged,7
11112020,0.0006008148193359375,0.84,21,converged,6
11112011,0.001201629638671875,0.8,20,converged,7
11112002,0.0006008148193359375,0.84,21,converged,6
11111300,0.000400543212890625,0.96,24,converged,6
11111210,0.001201629638671875,0.84,21,converged,7
11111201,0.001201629638671875,0.92,23,converged,7
11111120,0.001201629638671875,0.8,20,converged,7
11111111,0.00240325927734375,0.84,21,converged,8
11111102,0.001201629638671875,0.96,24,converged,7
11111030,0.000400543212890625,0.8,20,converged,6
11111021,0.001201629638671875,0.84,21,converged,7
11111012,0.001201629638671875,0.8,20,converged,7
11111003,0.000400543212890625,0.84,21,converged,6
11110400,0.00010013580322265625,1.0,25,converged,5
11110310,0.000400543212890625,0.96,24,converged,6
11110301,0.000400543212890625,0.88,22,converged,6
11110220,0.0006008148193359375,0.84,21,converged,6
11110211,0.001201629638671875,0.84,21,converged,7
11110202,0.0006008148193359375,0.8,20,converged,6
11110130,0.000400543212890625,0.8,20,converged,6
11110121,0.001201629638671875,0.8,20,converged,7
11110112,0.001201629638671875,1.0,25,converged,7
11110103,0.000400543212890625,0.92,23,converged,6
11110040,0.00010013580322265625,0.8,20,converged,5
11110031,0.000400543212890625,0.8,20,converged,6
11110022,0.0006008148193359375,0.84,21,converged,6
11110013,0.000400543212890625,0.8,20,converged,6
11110004,0.00010013580322265625,0.84,21,converged,5
11105000,2.002716064453125e-05,0.92,23,converged,4
11104100,0.00010013580322265625,0.84,21,converged,5
11104010,0.00010013580322265625,0.84,21,converged,5
11104001,0.00010013580322265625,0.92,23,converged,5
11103200,0.0002002716064453125,0.92,23,converged,5
11103110,0.000400543212890625,0.84,21,converged,6
11103101,0.000400543212890625,0.88,22,converged,6
11103020,0.0002002716064453125,0.84,21,converged,5
11103011,0.000400543212890625,0.84,21,converged,6
11103002,0.0002002716064453125,0.88,22,converged,5
11102300,0.0002002716064453125,0.88,22,converged,5
11102210,0.0006008148193359375,0.88,22,converged,6
11102201,0.0006008148193359375,0.88,22,converged,6
11102120,0.0006008148193359375,0.84,21,capped,6
11102111,0.001201629638671875,0.88,22,capped,7
11102102,0.0006008148193359375,0.84,21,converged,6
11102030,0.0002002716064453125,0.84,21,converged,5
11102021,0.0006008148193359375,0.84,21,converged,6
11102012,0.0006008148193359375,0.92,23,converged,6
11102003,0.0002002716064453125,0.96,24,converged,5
11101400,0.00010013580322265625,0.96,24,converged,5
11101310,0.000400543212890625,0.84,21,converged,6
11101301,0.000400543212890625,0.92,23,converged,6
11101220,0.0006008148193359375,1.0,25,converged,6
11101211,0.001201629638671875,0.84,21,converged,7
11101202,0.0006008148193359375,0.8,20,converged,6
11101130,0.000400543212890625,0.88,22,converged,6
11101121,0.001201629638671875,0.96,24,converged,7
11101112,0.001201629638671875,0.88,22,converged,7
11101103,0.000400543212890625,0.64,16,converged,6
11101040,0.00010013580322265625,0.84,21,converged,5
11101031,0.000400543212890625,0.84,21,converged,6
11101022,0.0006008148193359375,0.84,21,converged,6
11101013,0.000400543212890625,0.96,24,converged,6
11101004,0.00010013580322265625,0.92,23,converged,5
11100500,2.002716064453125e-05,0.88,22,converged,4
11100410,0.00010013580322265625,0.96,24,converged,5
11100401,0.00010013580322265625,0.88,22,converged,5
11100320,0.0002002716064453125,0.92,23,converged,5
11100311,0.000400543212890625,0.84,21,converged,6
11100302,0.0002002716064453125,0.88,22,converged,5
11100230,0.0002002716064453125,0.88,22,converged,5
11100221,0.0006008148193359375,0.92,23,converged,6
11100212,0.0006008148193359375,1.0,25,converged,6
11100203,0.0002002716064453125,0.88,22,converged,5
11100140,0.00010013580322265625,0.88,22,converged,5
11100131,0.000400543212890625,0.92,23,converged,6
11100122,0.0006008148193359375,1.0,25,converged,6
11100113,0.000400543212890625,0.88,22,converged,6
11100104,0.00010013580322265625,0.84,21,converged,5
11100050,2.002716064453125e-05,0.76,19,cycled,4
11100041,0.00010013580322265625,0.8,20,converged,5
11100032,0.0002002716064453125,0.88,22,converged,5
11100023,0.0002002716064453125,0.88,22,converged,5
11100014,0.00010013580322265625,0.88,22,converged,5
11100005,2.002716064453125e-05,0.92,23,converged,4
11060000,3.337860107421875e-06,0.76,19,converged,3
11051000,2.002716064453125e-05,0.72,18,converged,4
11050100,2.002716064453125e-05,0.88,22,converged,4
11050010,2.002716064453125e-05,0.72,18,converged,4
11050001,2.002716064453125e-05,0.68,17,converged,4
11042000,5.0067901611328125e-05,0.84,21,converged,4
11041100,0.00010013580322265625,0.84,21,converged,5
11041010,0.00010013580322265625,0.76,19,converged,5
11041001,0.00010013580322265625,0.68,17,capped,5
11040200,5.0067901611328125e-05,0.8,20,converged,4
11040110,0.00010013580322265625,0.92,23,converged,5
11040101,0.00010013580322265625,1.0,25,converged,5
11040020,5.0067901611328125e-05,0.8,20,converged,4
11040011,0.00010013580322265625,0.72,18,converged,5
11040002,5.0067901611328125e-05,0.92,23,converged,4
11033000,6.67572021484375e-05,0.96,24,converged,4
11032100,0.0002002716064453125,0.8,20,converged,5
11032010,0.0002002716064453125,0.8,20,converged,5
11032001,0.0002002716064453125,0.96,24,converged,5
11031200,0.0002002716064453125,0.84,21,converged,5
11031110,0.000400543212890625,0.96,24,converged,6
11031101,0.000400543212890625,0.8,20,converged,6
11031020,0.0002002716064453125,0.76,19,converged,5
11031011,0.000400543212890625,0.76,19,converged,6
11031002,0.0002002716064453125,0.96,24,converged,5
11030300,6.67572021484375e-05,0.88,22,converged,4
11030210,0.0002002716064453125,0.84,21,converged,5
11030201,0.0002002716064453125,0.88,22,converged,5
11030120,0.0002002716064453125,0.84,21,converged,5
11030111,0.000400543212890625,0.92,23,converged,6
11030102,0.0002002716064453125,0.84,21,converged,5
11030030,6.67572021484375e-05,0.92,23,converged,4
11030021,0.0002002716064453125,0.84,21,converged,5
11030012,0.0002002716064453125,0.68,17,capped,5
11030003,6.67572021484375e-05,0.96,24,converged,4
11024000,5.0067901611328125e-05,0.92,23,converged,4
11023100,0.0002002716064453125,0.84,21,converged,5
11023010,0.0002002716064453125,0.92,23,converged,5
11023001,0.0002002716064453125,0.88,22,converged,5
11022200,0.00030040740966796875,0.84,21,converged,5
11022110,0.0006008148193359375,0.8,20,converged,6
11022101,0.0006008148193359375,0.8,20,converged,6
11022020,0.00030040740966796875,0.84,21,converged,5
11022011,0.0006008148193359375,0.88,22,converged,6
11022002,0.00030040740966796875,0.88,22,converged,5
11021300,0.0002002716064453125,0.96,24,converged,5
11021210,0.0006008148193359375,0.88,22,converged,6
11021201,0.0006008148193359375,0.88,22,converged,6
11021120,0.0006008148193359375,0.84,21,converged,6
11021111,0.001201629638671875,0.8,20,converged,7
11021102,0.0006008148193359375,0.84,21,converged,6
11021030,0.0002002716064453125,0.84,21,converged,5
11021021,0.0006008148193359375,0.88,22,converged,6
11021012,0.0006008148193359375,0.88,22,converged,6
11021003,0.0002002716064453125,0.92,23,converged,5
11020400,5.0067901611328125e-05,1.0,25,converged,4
11020310,0.0002002716064453125,1.0,25,converged,5
11020301,0.0002002716064453125,0.84,21,converged,5
11020220,0.00030040740966796875,0.76,19,converged,5
11020211,0.0006008148193359375,0.84,21,converged,6
11020202,0.00030040740966796875,0.84,21,converged,5
11020130,0.0002002716064453125,0.72,18,converged,5
11020121,0.0006008148193359375,0.8,20,converged,6
11020112,0.0006008148193359375,0.84,21,converged,6
11020103,0.0002002716064453125,0.8,20,converged,5
11020040,5.0067901611328125e-05,0.84,21,converged,4
11020031,0.0002002716064453125,0.84,21,converged,5
11020022,0.00030040740966796875,0.88,22,converged,5
11020013,0.0002002716064453125,0.88,22,converged,5
11020004,5.0067901611328125e-05,0.92,23,converged,4
11015000,2.002716064453125e-05,0.92,23,converged,4
11014100,0.00010013580322265625,0.84,21,converged,5
11014010,0.00010013580322265625,0.84,21,converged,5
11014001,0.00010013580322265625,0.8,20,converged,5
11013200,0.0002002716064453125,0.92,23,converged,5
11013110,0.000400543212890625,0.8,20,converged,6
11013101,0.000400543212890625,0.84,21,converged,6
11013020,0.0002002716064453125,0.84,21,converged,5
11013011,0.000400543212890625,0.8,20,converged,6
11013002,0.0002002716064453125,0.8,20,converged,5
11012300,0.0002002716064453125,0.92,23,converged,5
11012210,0.0006008148193359375,0.84,21,converged,6
11012201,0.0006008148193359375,0.88,22,converged,6
11012120,0.0006008148193359375,0.8,20,converged,6
11012111,0.001201629638671875,0.88,22,converged,7
11012102,0.0006008148193359375,0.96,24,converged,6
11012030,0.0002002716064453125,0.8,20,converged,5
11012021,0.0006008148193359375,0.84,21,converged,6
11012012,0.0006008148193359375,0.8,20,converged,6
11012003,0.0002002716064453125,0.88,22,converged,5
11011400,0.00010013580322265625,1.0,25,converged,5
11011310,0.000400543212890625,0.96,24,converged,6
11011301,0.000400543212890625,0.88,22,converged,6
11011220,0.0006008148193359375,0.84,21,converged,6
11011211,0.001201629638671875,0.84,21,converged,7
11011202,0.0006008148193359375,0.84,21,converged,6
11011130,0.000400543212890625,0.84,21,converged,6
11011121,0.001201629638671875,0.76,19,converged,7
11011112,0.001201629638671875,0.88,22,converged,7
11011103,0.000400543212890625,0.8,20,cycled,6
11011040,0.00010013580322265625,0.8,20,converged,5
11011031,0.000400543212890625,0.84,21,converged,6
11011022,0.0006008148193359375,0.88,22,converged,6
11011013,0.000400543212890625,0.88,22,converged,6
11011004,0.00010013580322265625,0.88,22,converged,5
11010500,2.002716064453125e-05,0.92,23,converged,4
11010410,0.00010013580322265625,0.92,23,converged,5
11010401,0.00010013580322265625,0.88,22,converged,5
11010320,0.0002002716064453125,0.84,21,converged,5
11010311,0.000400543212890625,0.84,21,converged,6
11010302,0.0002002716064453125,0.88,22,converged,5
11010230,0.0002002716064453125,0.84,21,converged,5
11010221,0.0006008148193359375,0.8,20,converged,6
11010212,0.0006008148193359375,0.92,23,converged,6
11010203,0.0002002716064453125,0.76,19,converged,5
11010140,0.00010013580322265625,0.84,21,converged,5
11010131,0.000400543212890625,0.84,21,converged,6
11010122,0.0006008148193359375,0.88,22,converged,6
11010113,0.000400543212890625,0.84,21,converged,6
11010104,0.00010013580322265625,0.84,21,converged,5
11010050,2.002716064453125e-05,0.84,21,converged,4
11010041,0.00010013580322265625,0.84,21,converged,5
11010032,0.0002002716064453125,0.84,21,converged,5
11010023,0.0002002716064453125,0.8,20,converged,5
11010014,0.00010013580322265625,0.92,23,converged,5
11010005,2.002716064453125e-05,0.92,23,converged,4
11006000,3.337860107421875e-06,0.8,20,converged,3
11005100,2.002716064453125e-05,0.84,21,converged,4
11005010,2.002716064453125e-05,0.8,20,converged,4
11005001,2.002716064453125e-05,0.84,21,converged,4
11004200,5.0067901611328125e-05,0.8,20,converged,4
11004110,0.00010013580322265625,0.84,21,converged,5
11004101,0.00010013580322265625,0.84,21,converged,5
11004020,5.0067901611328125e-05,0.84,21,converged,4
11004011,0.00010013580322265625,0.84,21,converged,5
11004002,5.0067901611328125e-05,0.84,21,converged,4
11003300,6.67572021484375e-05,0.8,20,converged,4
11003210,0.0002002716064453125,0.88,22,capped,5
11003201,0.0002002716064453125,0.76,19,converged,5
11003120,0.0002002716064453125,0.84,21,converged,5
11003111,0.000400543212890625,0.88,22,converged,6
11003102,0.0002002716064453125,0.64,16,capped,5
11003030,6.67572021484375e-05,0.84,21,converged,4
11003021,0.0002002716064453125,0.84,21,converged,5
11003012,0.0002002716064453125,0.84,21,converged,5
11003003,6.67572021484375e-05,0.88,22,converged,4
11002400,5.0067901611328125e-05,0.96,24,converged,4
11002310,0.0002002716064453125,1.0,25,converged,5
11002301,0.0002002716064453125,0.96,24,converged,5
11002220,0.00030040740966796875,0.88,22,converged,5
11002211,0.0006008148193359375,0.96,24,converged,6
11002202,0.00030040740966796875,0.96,24,converged,5
11002130,0.0002002716064453125,0.92,23,capped,5
11002121,0.0006008148193359375,0.88,22,converged,6
11002112,0.0006008148193359375,0.84,21,converged,6
11002103,0.0002002716064453125,0.76,19,converged,5
11002040,5.0067901611328125e-05,0.8,20,cycled,4
11002031,0.0002002716064453125,0.8,20,converged,5
11002022,0.00030040740966796875,0.88,22,converged,5
11002013,0.0002002716064453125,0.88,22,converged,5
11002004,5.0067901611328125e-05,0.84,21,converged,4
11001500,2.002716064453125e-05,1.0,25,converged,4
11001410,0.00010013580322265625,0.92,23,converged,5
11001401,0.00010013580322265625,0.96,24,converged,5
11001320,0.0002002716064453125,1.0,25,converged,5
11001311,0.000400543212890625,0.84,21,converged,6
11001302,0.0002002716064453125,0.84,21,converged,5
11001230,0.0002002716064453125,0.92,23,converged,5
11001221,0.0006008148193359375,1.0,25,converged,6
11001212,0.0006008148193359375,0.96,24,converged,6
11001203,0.0002002716064453125,0.84,21,converged,5
11001140,0.00010013580322265625,0.88,22,converged,5
11001131,0.000400543212890625,0.88,22,converged,6
11001122,0.0006008148193359375,0.96,24,capped,6
11001113,0.000400543212890625,0.92,23,converged,6
11001104,0.00010013580322265625,0.88,22,converged,5
11001050,2.002716064453125e-05,0.84,21,converged,4
11001041,0.00010013580322265625,0.8,20,converged,5
11001032,0.0002002716064453125,0.84,21,converged,5
11001023,0.0002002716064453125,0.88,22,converged,5
11001014,0.00010013580322265625,0.84,21,converged,5
11001005,2.002716064453125e-05,0.88,22,converged,4
11000600,3.337860107421875e-06,0.92,23,converged,3
11000510,2.002716064453125e-05,0.96,24,converged,4
11000501,2.002716064453125e-05,0.96,24,converged,4
11000420,5.0067901611328125e-05,0.92,23,converged,4
11000411,0.00010013580322265625,1.0,25,converged,5
11000402,5.0067901611328125e-05,0.88,22,converged,4
11000330,6.67572021484375e-05,0.96,24,converged,4
11000321,0.0002002716064453125,1.0,25,converged,5
11000312,0.0002002716064453125,0.8,20,converged,5
11000303,6.67572021484375e-05,0.84,21,converged,4
11000240,5.0067901611328125e-05,0.92,23,converged,4
11000231,0.0002002716064453125,0.92,23,converged,5
11000222,0.00030040740966796875,0.92,23,converged,5
11000213,0.0002002716064453125,0.84,21,cycled,5
11000204,5.0067901611328125e-05,0.76,19,converged,4
11000150,2.002716064453125e-05,0.88,22,converged,4
11000141,0.00010013580322265625,0.92,23,converged,5
11000132,0.0002002716064453125,0.96,24,converged,5
11000123,0.0002002716064453125,0.96,24,capped,5
11000114,0.00010013580322265625,0.76,19,converged,5
11000105,2.002716064453125e-05,0.84,21,converged,4
11000060,3.337860107421875e-06,0.88,22,converged,3
11000051,2.002716064453125e-05,0.84,21,converged,4
11000042,5.0067901611328125e-05,0.84,21,converged,4
11000033,6.67572021484375e-05,0.84,21,converged,4
11000024,5.0067901611328125e-05,0.76,19,capped,4
11000015,2.002716064453125e-05,0.88,22,converged,4
11000006,3.337860107421875e-06,0.76,19,converged,3
10700000,4.76837158203125e-07,0.8,20,converged,2
10610000,3.337860107421875e-06,0.8,20,capped,3
10601000,3.337860107421875e-06,0.8,20,converged,3
10600100,3.337860107421875e-06,0.88,22,converged,3
10600010,3.337860107421875e-06,0.84,21,converged,3
10600001,3.337860107421875e-06,0.84,21,converged,3
10520000,1.0013580322265625e-05,0.92,23,converged,3
10511000,2.002716064453125e-05,0.96,24,converged,4
10510100,2.002716064453125e-05,0.92,23,converged,4
10510010,2.002716064453125e-05,1.0,25,converged,4
10510001,2.002716064453125e-05,0.84,21,converged,4
10502000,1.0013580322265625e-05,0.8,20,converged,3
10501100,2.002716064453125e-05,0.92,23,converged,4
10501010,2.002716064453125e-05,1.0,25,converged,4
10501001,2.002716064453125e-05,0.84,21,converged,4
10500200,1.0013580322265625e-05,0.8,20,converged,3
10500110,2.002716064453125e-05,0.88,22,converged,4
10500101,2.002716064453125e-05,0.88,22,converged,4
10500020,1.0013580322265625e-05,1.0,25,converged,3
10500011,2.002716064453125e-05,0.92,23,converged,4
10500002,1.0013580322265625e-05,0.92,23,converged,3
10430000,1.6689300537109375e-05,1.0,25,converged,3
10421000,5.0067901611328125e-05,0.92,23,converged,4
10420100,5.0067901611328125e-05,0.88,22,converged,4
10420010,5.0067901611328125e-05,0.92,23,converged,4
10420001,5.0067901611328125e-05,0.96,24,converged,4
10412000,5.0067901611328125e-05,0.96,24,converged,4
10411100,0.00010013580322265625,0.88,22,converged,5
10411010,0.00010013580322265625,1.0,25,converged,5
10411001,0.00010013580322265625,1.0,25,converged,5
10410200,5.0067901611328125e-05,0.88,22,converged,4
10410110,0.00010013580322265625,0.84,21,converged,5
10410101,0.00010013580322265625,0.88,22,converged,5
10410020,5.0067901611328125e-05,1.0,25,converged,4
10410011,0.00010013580322265625,1.0,25,converged,5
10410002,5.0067901611328125e-05,0.92,23,converged,4
10403000,1.6689300537109375e-05,0.76,19,converged,3
10402100,5.0067901611328125e-05,0.84,21,converged,4
10402010,5.0067901611328125e-05,0.8,20,converged,4
10402001,5.0067901611328125e-05,0.84,21,converged,4
10401200,5.0067901611328125e-05,0.8,20,converged,4
10401110,0.00010013580322265625,0.92,23,converged,5
10401101,0.00010013580322265625,0.88,22,converged,5
10401020,5.0067901611328125e-05,0.92,23,converged,4
10401011,0.00010013580322265625,0.92,23,converged,5
10401002,5.0067901611328125e-05,0.96,24,converged,4
10400300,1.6689300537109375e-05,0.84,21,converged,3
10400210,5.0067901611328125e-05,0.88,22,converged,4
10400201,5.0067901611328125e-05,0.84,21,converged,4
10400120,5.0067901611328125e-05,0.84,21,converged,4
10400111,0.00010013580322265625,0.84,21,converged,5
10400102,5.0067901611328125e-05,0.8,20,converged,4
10400030,1.6689300537109375e-05,0.84,21,converged,3
10400021,5.0067901611328125e-05,0.8,20,converged,4
10400012,5.0067901611328125e-05,0.8,20,converged,4
10400003,1.6689300537109375e-05,0.84,21,converged,3
10340000,1.6689300537109375e-05,0.84,21,converged,3
10331000,6.67572021484375e-05,0.96,24,converged,4
10330100,6.67572021484375e-05,0.96,24,converged,4
10330010,6.67572021484375e-05,0.84,21,capped,4
10330001,6.67572021484375e-05,0.68,17,capped,4
10322000,0.00010013580322265625,0.52,13,capped,4
10321100,0.0002002716064453125,0.88,22,converged,5
10321010,0.0002002716064453125,0.92,23,converged,5
10321001,0.0002002716064453125,0.92,23,converged,5
10320200,0.00010013580322265625,0.92,23,converged,4
10320110,0.0002002716064453125,0.84,21,converged,5
10320101,0.0002002716064453125,0.84,21,converged,5
10320020,0.00010013580322265625,0.88,22,capped,4
10320011,0.0002002716064453125,0.92,23,converged,5
10320002,0.00010013580322265625,0.96,24,converged,4
10313000,6.67572021484375e-05,1.0,25,converged,4
10312100,0.0002002716064453125,0.84,21,converged,5
10312010,0.0002002716064453125,1.0,25,converged,5
10312001,0.0002002716064453125,1.0,25,converged,5
10311200,0.0002002716064453125,0.96,24,converged,5
10311110,0.000400543212890625,0.84,21,converged,6
10311101,0.000400543212890625,0.88,22,converged,6
10311020,0.0002002716064453125,0.96,24,cycled,5
10311011,0.000400543212890625,0.96,24,converged,6
10311002,0.0002002716064453125,0.84,21,converged,5
10310300,6.67572021484375e-05,0.88,22,converged,4
10310210,0.0002002716064453125,0.92,23,converged,5
10310201,0.0002002716064453125,0.92,23,converged,5
10310120,0.0002002716064453125,0.92,23,converged,5
10310111,0.000400543212890625,0.92,23,converged,6
10310102,0.0002002716064453125,0.76,19,converged,5
10310030,6.67572021484375e-05,0.84,21,converged,4
10310021,0.0002002716064453125,0.84,21,cycled,5
10310012,0.0002002716064453125,0.8,20,converged,5
10310003,6.67572021484375e-05,0.96,24,converged,4
10304000,1.6689300537109375e-05,0.8,20,converged,3
10303100,6.67572021484375e-05,0.92,23,converged,4
10303010,6.67572021484375e-05,0.92,23,converged,4
10303001,6.67572021484375e-05,0.88,22,converged,4
10302200,0.00010013580322265625,0.8,20,converged,4
10302110,0.0002002716064453125,0.88,22,converged,5
10302101,0.0002002716064453125,0.8,20,converged,5
10302020,0.00010013580322265625,0.88,22,converged,4
10302011,0.0002002716064453125,0.84,21,converged,5
10302002,0.00010013580322265625,0.76,19,converged,4
10301300,6.67572021484375e-05,0.84,21,converged,4
10301210,0.0002002716064453125,0.8,20,converged,5
10301201,0.0002002716064453125,0.8,20,converged,5
10301120,0.0002002716064453125,0.88,22,converged,5
10301111,0.000400543212890625,0.84,21,converged,6
10301102,0.0002002716064453125,0.88,22,converged,5
10301030,6.67572021484375e-05,0.84,21,converged,4
10301021,0.0002002716064453125,0.84,21,converged,5
10301012,0.0002002716064453125,0.8,20,converged,5
10301003,6.67572021484375e-05,0.84,21,converged,4
10300400,1.6689300537109375e-05,0.92,23,converged,3
10300310,6.67572021484375e-05,0.88,22,converged,4
10300301,6.67572021484375e-05,0.84,21,converged,4
10300220,0.00010013580322265625,0.8,20,converged,4
10300211,0.0002002716064453125,0.8,20,converged,5
10300202,0.00010013580322265625,0.76,19,converged,4
10300130,6.67572021484375e-05,0.84,21,converged,4
10300121,0.0002002716064453125,0.84,21,converged,5
10300112,0.0002002716064453125,0.92,23,converged,5
10300103,6.67572021484375e-05,0.84,21,converged,4
10300040,1.6689300537109375e-05,0.84,21,converged,3
10300031,6.67572021484375e-05,0.88,22,converged,4
10300022,0.00010013580322265625,0.92,23,converged,4
10300013,6.67572021484375e-05,0.88,22,converged,4
10300004,1.6689300537109375e-05,0.88,22,converged,3
10250000,1.0013580322265625e-05,0.68,17,converged,3
10241000,5.0067901611328125e-05,0.84,21,converged,4
10240100,5.0067901611328125e-05,0.92,23,converged,4
10240010,5.0067901611328125e-05,0.96,24,converged,4
10240001,5.0067901611328125e-05,0.8,20,capped,4
10232000,0.00010013580322265625,0.92,23,converged,4
10231100,0.0002002716064453125,0.84,21,cycled,5
10231010,0.0002002716064453125,0.84,21,capped,5
10231001,0.0002002716064453125,0.8,20,converged,5
10230200,0.00010013580322265625,0.88,22,converged,4
10230110,0.0002002716064453125,0.96,24,converged,5
10230101,0.0002002716064453125,0.84,21,converged,5
10230020,0.00010013580322265625,0.84,21,converged,4
10230011,0.0002002716064453125,0.84,21,cycled,5
10230002,0.00010013580322265625,0.92,23,converged,4
10223000,0.00010013580322265625,0.68,17,capped,4
10222100,0.00030040740966796875,1.0,25,converged,5
10222010,0.00030040740966796875,0.76,19,capped,5
10222001,0.00030040740966796875,0.92,23,converged,5
10221200,0.00030040740966796875,0.92,23,converged,5
10221110,0.0006008148193359375,0.96,24,converged,6
10221101,0.0006008148193359375,0.84,21,converged,6
10221020,0.00030040740966796875,0.88,22,converged,5
10221011,0.0006008148193359375,0.88,22,converged,6
10221002,0.00030040740966796875,0.92,23,converged,5
10220300,0.00010013580322265625,0.92,23,converged,4
10220210,0.00030040740966796875,0.92,23,converged,5
10220201,0.00030040740966796875,0.88,22,converged,5
10220120,0.00030040740966796875,0.96,24,converged,5
10220111,0.0006008148193359375,0.88,22,converged,6
10220102,0.00030040740966796875,0.92,23,converged,5
10220030,0.00010013580322265625,0.84,21,converged,4
10220021,0.00030040740966796875,0.84,21,converged,5
10220012,0.00030040740966796875,0.92,23,converged,5
10220003,0.00010013580322265625,0.96,24,converged,4
10214000,5.0067901611328125e-05,1.0,25,converged,4
10213100,0.0002002716064453125,0.88,22,converged,5
10213010,0.0002002716064453125,0.88,22,converged,5
10213001,0.0002002716064453125,0.96,24,converged,5
10212200,0.00030040740966796875,0.88,22,converged,5
10212110,0.0006008148193359375,0.84,21,converged,6
10212101,0.0006008148193359375,0.92,23,converged,6
10212020,0.00030040740966796875,0.88,22,converged,5
10212011,0.0006008148193359375,0.84,21,converged,6
10212002,0.00030040740966796875,0.8,20,converged,5
10211300,0.0002002716064453125,0.88,22,converged,5
10211210,0.0006008148193359375,0.84,21,converged,6
10211201,0.0006008148193359375,0.92,23,converged,6
10211120,0.0006008148193359375,0.84,21,converged,6
10211111,0.001201629638671875,0.84,21,converged,7
10211102,0.0006008148193359375,0.88,22,converged,6
10211030,0.0002002716064453125,0.8,20,converged,5
10211021,0.0006008148193359375,0.8,20,converged,6
10211012,0.0006008148193359375,0.8,20,converged,6
10211003,0.0002002716064453125,0.84,21,converged,5
10210400,5.0067901611328125e-05,0.96,24,converged,4
10210310,0.0002002716064453125,0.88,22,converged,5
10210301,0.0002002716064453125,0.84,21,converged,5
10210220,0.00030040740966796875,0.88,22,converged,5
10210211,0.0006008148193359375,0.8,20,converged,6
10210202,0.00030040740966796875,0.8,20,converged,5
10210130,0.0002002716064453125,0.8,20,converged,5
10210121,0.0006008148193359375,0.84,21,converged,6
10210112,0.0006008148193359375,0.84,21,converged,6
10210103,0.0002002716064453125,0.88,22,converged,5
10210040,5.0067901611328125e-05,0.8,20,converged,4
10210031,0.0002002716064453125,0.8,20,converged,5
10210022,0.00030040740966796875,0.8,20,converged,5
10210013,0.0002002716064453125,0.88,22,converged,5
10210004,5.0067901611328125e-05,0.84,21,converged,4
10205000,1.0013580322265625e-05,0.92,23,converged,3
10204100,5.0067901611328125e-05,0.84,21,converged,4
10204010,5.0067901611328125e-05,0.84,21,converged,4
10204001,5.0067901611328125e-05,0.88,22,converged,4
10203200,0.00010013580322265625,0.84,21,converged,4
10203110,0.0002002716064453125,0.84,21,converged,5
10203101,0.0002002716064453125,0.8,20,converged,5
10203020,0.00010013580322265625,0.88,22,converged,4
10203011,0.0002002716064453125,0.88,22,converged,5
10203002,0.00010013580322265625,0.88,22,converged,4
10202300,0.00010013580322265625,0.88,22,converged,4
10202210,0.00030040740966796875,0.88,22,converged,5
10202201,0.00030040740966796875,0.88,22,converged,5
10202120,0.00030040740966796875,0.88,22,converged,5
10202111,0.0006008148193359375,0.84,21,converged,6
10202102,0.00030040740966796875,0.8,20,converged,5
10202030,0.00010013580322265625,0.84,21,converged,4
10202021,0.00030040740966796875,0.88,22,converged,5
10202012,0.00030040740966796875,0.92,23,converged,5
10202003,0.00010013580322265625,0.88,22,converged,4
10201400,5.0067901611328125e-05,0.88,22,converged,4
10201310,0.0002002716064453125,0.96,24,converged,5
10201301,0.0002002716064453125,0.84,21,converged,5
10201220,0.00030040740966796875,0.84,21,converged,5
10201211,0.0006008148193359375,0.92,23,converged,6
10201202,0.00030040740966796875,0.84,21,converged,5
10201130,0.0002002716064453125,0.88,22,cycled,5
10201121,0.0006008148193359375,0.64,16,cycled,6
10201112,0.0006008148193359375,0.64,16,converged,6
10201103,0.0002002716064453125,0.68,17,converged,5
10201040,5.0067901611328125e-05,0.8,20,cycled,4
10201031,0.0002002716064453125,0.84,21,converged,5
10201022,0.00030040740966796875,1.0,25,capped,5
10201013,0.0002002716064453125,0.72,18,capped,5
10201004,5.0067901611328125e-05,0.8,20,converged,4
10200500,1.0013580322265625e-05,0.8,20,converged,3
10200410,5.0067901611328125e-05,0.84,21,converged,4
10200401,5.0067901611328125e-05,0.84,21,converged,4
10200320,0.00010013580322265625,0.8,20,converged,4
10200311,0.0002002716064453125,0.92,23,converged,5
10200302,0.00010013580322265625,0.88,22,cycled,4
10200230,0.00010013580322265625,0.88,22,converged,4
10200221,0.00030040740966796875,0.92,23,converged,5
10200212,0.00030040740966796875,0.96,24,converged,5
10200203,0.00010013580322265625,0.88,22,converged,4
10200140,5.0067901611328125e-05,0.96,24,converged,4
10200131,0.0002002716064453125,0.96,24,converged,5
10200122,0.00030040740966796875,0.64,16,converged,5
10200113,0.0002002716064453125,0.68,17,converged,5
10200104,5.0067901611328125e-05,0.68,17,converged,4
10200050,1.0013580322265625e-05,0.84,21,converged,3
10200041,5.0067901611328125e-05,0.84,21,converged,4
10200032,0.00010013580322265625,0.88,22,converged,4
10200023,0.00010013580322265625,0.88,22,converged,4
10200014,5.0067901611328125e-05,0.8,20,cycled,4
10200005,1.0013580322265625e-05,0.84,21,converged,3
10160000,3.337860107421875e-06,0.72,18,capped,3
10151000,2.002716064453125e-05,0.76,19,capped,4
10150100,2.002716064453125e-05,0.88,22,converged,4
10150010,2.002716064453125e-05,0.96,24,converged,4
10150001,2.002716064453125e-05,0.96,24,converged,4
10142000,5.0067901611328125e-05,0.88,22,converged,4
10141100,0.00010013580322265625,0.96,24,converged,5
10141010,0.00010013580322265625,0.8,20,converged,5
10141001,0.00010013580322265625,0.72,18,capped,5
10140200,5.0067901611328125e-05,0.92,23,converged,4
10140110,0.00010013580322265625,0.8,20,converged,5
10140101,0.00010013580322265625,0.92,23,converged,5
10140020,5.0067901611328125e-05,0.8,20,cycled,4
10140011,0.00010013580322265625,1.0,25,converged,5
10140002,5.0067901611328125e-05,0.88,22,converged,4
10133000,6.67572021484375e-05,0.88,22,converged,4
10132100,0.0002002716064453125,0.92,23,converged,5
10132010,0.0002002716064453125,0.84,21,converged,5
10132001,0.0002002716064453125,0.84,21,converged,5
10131200,0.0002002716064453125,0.96,24,cycled,5
10131110,0.000400543212890625,0.8,20,converged,6
10131101,0.000400543212890625,0.92,23,converged,6
10131020,0.0002002716064453125,0.8,20,converged,5
10131011,0.000400543212890625,0.88,22,converged,6
10131002,0.0002002716064453125,0.88,22,cycled,5
10130300,6.67572021484375e-05,0.84,21,converged,4
10130210,0.0002002716064453125,0.84,21,converged,5
10130201,0.0002002716064453125,0.92,23,converged,5
10130120,0.0002002716064453125,0.84,21,converged,5
10130111,0.000400543212890625,0.8,20,converged,6
10130102,0.0002002716064453125,0.84,21,converged,5
10130030,6.67572021484375e-05,0.84,21,converged,4
10130021,0.0002002716064453125,0.92,23,converged,5
10130012,0.0002002716064453125,0.88,22,converged,5
10130003,6.67572021484375e-05,0.84,21,capped,4
10124000,5.0067901611328125e-05,0.84,21,capped,4
10123100,0.0002002716064453125,0.92,23,converged,5
10123010,0.0002002716064453125,0.92,23,converged,5
10123001,0.0002002716064453125,0.8,20,capped,5
10122200,0.00030040740966796875,0.96,24,cycled,5
10122110,0.0006008148193359375,0.92,23,converged,6
10122101,0.0006008148193359375,0.88,22,converged,6
10122020,0.00030040740966796875,0.84,21,converged,5
10122011,0.0006008148193359375,0.88,22,converged,6
10122002,0.00030040740966796875,0.88,22,cycled,5
10121300,0.0002002716064453125,0.92,23,converged,5
10121210,0.0006008148193359375,0.92,23,converged,6
10121201,0.0006008148193359375,0.92,23,converged,6
10121120,0.0006008148193359375,0.8,20,converged,6
10121111,0.001201629638671875,0.92,23,converged,7
10121102,0.0006008148193359375,0.88,22,converged,6
10121030,0.0002002716064453125,0.84,21,converged,5
10121021,0.0006008148193359375,0.84,21,converged,6
10121012,0.0006008148193359375,0.84,21,converged,6
10121003,0.0002002716064453125,0.84,21,converged,5
10120400,5.0067901611328125e-05,1.0,25,converged,4
10120310,0.0002002716064453125,0.88,22,converged,5
10120301,0.0002002716064453125,0.84,21,converged,5
10120220,0.00030040740966796875,0.88,22,converged,5
10120211,0.0006008148193359375,0.84,21,converged,6
10120202,0.00030040740966796875,0.88,22,converged,5
10120130,0.0002002716064453125,0.72,18,converged,5
10120121,0.0006008148193359375,0.76,19,converged,6
10120112,0.0006008148193359375,0.76,19,converged,6
10120103,0.0002002716064453125,0.84,21,converged,5
10120040,5.0067901611328125e-05,0.84,21,converged,4
10120031,0.0002002716064453125,0.84,21,converged,5
10120022,0.00030040740966796875,0.84,21,converged,5
10120013,0.0002002716064453125,0.84,21,converged,5
10120004,5.0067901611328125e-05,0.88,22,converged,4
10115000,2.002716064453125e-05,0.88,22,converged,4
10114100,0.00010013580322265625,0.84,21,converged,5
10114010,0.00010013580322265625,0.88,22,converged,5
10114001,0.00010013580322265625,0.84,21,converged,5
10113200,0.0002002716064453125,0.92,23,converged,5
10113110,0.000400543212890625,0.84,21,converged,6
10113101,0.000400543212890625,0.84,21,converged,6
10113020,0.0002002716064453125,0.8,20,converged,5
10113011,0.000400543212890625,0.84,21,converged,6
10113002,0.0002002716064453125,0.84,21,converged,5
10112300,0.0002002716064453125,0.88,22,converged,5
10112210,0.0006008148193359375,0.88,22,converged,6
10112201,0.0006008148193359375,0.88,22,converged,6
10112120,0.0006008148193359375,0.84,21,converged,6
10112111,0.001201629638671875,0.88,22,converged,7
10112102,0.0006008148193359375,0.84,21,converged,6
10112030,0.0002002716064453125,0.8,20,converged,5
10112021,0.0006008148193359375,0.8,20,converged,6
10112012,0.0006008148193359375,0.84,21,converged,6
10112003,0.0002002716064453125,0.88,22,converged,5
10111400,0.00010013580322265625,1.0,25,converged,5
10111310,0.000400543212890625,0.92,23,converged,6
10111301,0.000400543212890625,0.92,23,capped,6
10111220,0.0006008148193359375,0.92,23,converged,6
10111211,0.001201629638671875,0.88,22,converged,7
10111202,0.0006008148193359375,0.84,21,converged,6
10111130,0.000400543212890625,0.84,21,converged,6
10111121,0.001201629638671875,0.8,20,converged,7
10111112,0.001201629638671875,0.76,19,converged,7
10111103,0.000400543212890625,0.84,21,converged,6
10111040,0.00010013580322265625,0.84,21,converged,5
10111031,0.000400543212890625,0.84,21,converged,6
10111022,0.0006008148193359375,0.84,21,converged,6
10111013,0.000400543212890625,0.8,20,converged,6
10111004,0.00010013580322265625,0.88,22,converged,5
10110500,2.002716064453125e-05,1.0,25,converged,4
10110410,0.00010013580322265625,0.88,22,converged,5
10110401,0.00010013580322265625,0.96,24,converged,5
10110320,0.0002002716064453125,0.8,20,converged,5
10110311,0.000400543212890625,0.96,24,converged,6
10110302,0.0002002716064453125,0.84,21,converged,5
10110230,0.0002002716064453125,0.92,23,converged,5
10110221,0.0006008148193359375,0.92,23,converged,6
10110212,0.0006008148193359375,0.96,24,converged,6
10110203,0.0002002716064453125,0.8,20,converged,5
10110140,0.00010013580322265625,0.92,23,cycled,5
10110131,0.000400543212890625,0.88,22,converged,6
10110122,0.0006008148193359375,0.68,17,converged,6
10110113,0.000400543212890625,0.68,17,converged,6
10110104,0.00010013580322265625,0.68,17,converged,5
10110050,2.002716064453125e-05,0.8,20,converged,4
10110041,0.00010013580322265625,0.84,21,converged,5
10110032,0.0002002716064453125,0.64,16,converged,5
10110023,0.0002002716064453125,0.84,21,converged,5
10110014,0.00010013580322265625,0.72,18,converged,5
10110005,2.002716064453125e-05,0.72,18,capped,4
10106000,3.337860107421875e-06,0.88,22,converged,3
10105100,2.002716064453125e-05,0.8,20,converged,4
10105010,2.002716064453125e-05,0.84,21,converged,4
10105001,2.002716064453125e-05,0.84,21,converged,4
10104200,5.0067901611328125e-05,0.92,23,converged,4
10104110,0.00010013580322265625,0.88,22,converged,5
10104101,0.00010013580322265625,0.84,21,converged,5
10104020,5.0067901611328125e-05,0.92,23,converged,4
10104011,0.00010013580322265625,0.88,22,converged,5
10104002,5.0067901611328125e-05,0.84,21,converged,4
10103300,6.67572021484375e-05,0.92,23,converged,4
10103210,0.0002002716064453125,0.76,19,capped,5
10103201,0.0002002716064453125,0.84,21,converged,5
10103120,0.0002002716064453125,0.88,22,capped,5
10103111,0.000400543212890625,0.72,18,converged,6
10103102,0.0002002716064453125,0.68,17,capped,5
10103030,6.67572021484375e-05,0.84,21,converged,4
10103021,0.0002002716064453125,0.88,22,converged,5
10103012,0.0002002716064453125,0.88,22,cycled,5
10103003,6.67572021484375e-05,0.92,23,converged,4
10102400,5.0067901611328125e-05,0.84,21,converged,4
10102310,0.0002002716064453125,0.96,24,converged,5
10102301,0.0002002716064453125,0.92,23,converged,5
10102220,0.00030040740966796875,0.84,21,converged,5
10102211,0.0006008148193359375,0.96,24,converged,6
10102202,0.00030040740966796875,0.92,23,converged,5
10102130,0.0002002716064453125,0.72,18,capped,5
10102121,0.0006008148193359375,0.64,16,converged,6
10102112,0.0006008148193359375,0.64,16,converged,6
10102103,0.0002002716064453125,0.68,17,converged,5
10102040,5.0067901611328125e-05,0.84,21,converged,4
10102031,0.0002002716064453125,0.84,21,converged,5
10102022,0.00030040740966796875,0.92,23,converged,5
10102013,0.0002002716064453125,0.92,23,converged,5
10102004,5.0067901611328125e-05,0.84,21,converged,4
10101500,2.002716064453125e-05,0.92,23,converged,4
10101410,0.00010013580322265625,0.96,24,converged,5
10101401,0.00010013580322265625,0.92,23,converged,5
10101320,0.0002002716064453125,0.84,21,converged,5
10101311,0.000400543212890625,0.96,24,converged,6
10101302,0.0002002716064453125,0.84,21,converged,5
10101230,0.0002002716064453125,0.84,21,converged,5
10101221,0.0006008148193359375,0.92,23,converged,6
10101212,0.0006008148193359375,0.96,24,converged,6
10101203,0.0002002716064453125,0.88,22,converged,5
10101140,0.00010013580322265625,0.92,23,converged,5
10101131,0.000400543212890625,0.92,23,capped,6
10101122,0.0006008148193359375,0.72,18,capped,6
10101113,0.000400543212890625,0.88,22,cycled,6
10101104,0.00010013580322265625,0.76,19,capped,5
10101050,2.002716064453125e-05,0.84,21,converged,4
10101041,0.00010013580322265625,0.84,21,converged,5
10101032,0.0002002716064453125,0.88,22,converged,5
10101023,0.0002002716064453125,0.88,22,converged,5
10101014,0.00010013580322265625,0.84,21,cycled,5
10101005,2.002716064453125e-05,0.76,19,cycled,4
10100600,3.337860107421875e-06,0.88,22,converged,3
10100510,2.002716064453125e-05,0.96,24,converged,4
10100501,2.002716064453125e-05,0.88,22,converged,4
10100420,5.0067901611328125e-05,1.0,25,converged,4
10100411,0.00010013580322265625,0.96,24,converged,5
10100402,5.0067901611328125e-05,0.84,21,converged,4
10100330,6.67572021484375e-05,0.88,22,converged,4
10100321,0.0002002716064453125,0.92,23,converged,5
10100312,0.0002002716064453125,0.84,21,converged,5
10100303,6.67572021484375e-05,0.8,20,converged,4
10100240,5.0067901611328125e-05,0.92,23,converged,4
10100231,0.0002002716064453125,0.92,23,converged,5
10100222,0.00030040740966796875,1.0,25,converged,5
10100213,0.0002002716064453125,1.0,25,converged,5
10100204,5.0067901611328125e-05,0.76,19,converged,4
10100150,2.002716064453125e-05,0.92,23,converged,4
10100141,0.00010013580322265625,0.88,22,converged,5
10100132,0.0002002716064453125,0.84,21,converged,5
10100123,0.0002002716064453125,0.72,18,converged,5
10100114,0.00010013580322265625,0.76,19,converged,5
10100105,2.002716064453125e-05,0.8,20,converged,4
10100060,3.337860107421875e-06,0.84,21,converged,3
10100051,2.002716064453125e-05,0.84,21,converged,4
10100042,5.0067901611328125e-05,0.92,23,converged,4
10100033,6.67572021484375e-05,0.8,20,cycled,4
10100024,5.0067901611328125e-05,0.76,19,cycled,4
10100015,2.002716064453125e-05,0.76,19,cycled,4
10100006,3.337860107421875e-06,0.76,19,cycled,3
10070000,4.76837158203125e-07,0.84,21,converged,2
10061000,3.337860107421875e-06,0.84,21,converged,3
10060100,3.337860107421875e-06,0.84,21,converged,3
10060010,3.337860107421875e-06,0.8,20,converged,3
10060001,3.337860107421875e-06,0.76,19,converged,3
10052000,1.0013580322265625e-05,0.76,19,capped,3
10051100,2.002716064453125e-05,0.88,22,converged,4
10051010,2.002716064453125e-05,0.68,17,capped,4
10051001,2.002716064453125e-05,0.72,18,capped,4
10050200,1.0013580322265625e-05,0.88,22,converged,3
10050110,2.002716064453125e-05,0.84,21,converged,4
10050101,2.002716064453125e-05,0.8,20,converged,4
10050020,1.0013580322265625e-05,0.84,21,converged,3
10050011,2.002716064453125e-05,0.8,20,converged,4
10050002,1.0013580322265625e-05,0.72,18,capped,3
10043000,1.6689300537109375e-05,0.92,23,converged,3
10042100,5.0067901611328125e-05,0.8,20,converged,4
10042010,5.0067901611328125e-05,0.84,21,converged,4
10042001,5.0067901611328125e-05,0.8,20,converged,4
10041200,5.0067901611328125e-05,0.96,24,converged,4
10041110,0.00010013580322265625,0.8,20,converged,5
10041101,0.00010013580322265625,0.8,20,converged,5
10041020,5.0067901611328125e-05,0.8,20,converged,4
10041011,0.00010013580322265625,0.76,19,capped,5
10041002,5.0067901611328125e-05,0.92,23,converged,4
10040300,1.6689300537109375e-05,0.92,23,converged,3
10040210,5.0067901611328125e-05,0.92,23,converged,4
10040201,5.0067901611328125e-05,0.84,21,converged,4
10040120,5.0067901611328125e-05,0.92,23,converged,4
10040111,0.00010013580322265625,0.84,21,converged,5
10040102,5.0067901611328125e-05,0.84,21,converged,4
10040030,1.6689300537109375e-05,0.84,21,converged,3
10040021,5.0067901611328125e-05,0.84,21,converged,4
10040012,5.0067901611328125e-05,0.72,18,converged,4
10040003,1.6689300537109375e-05,0.92,23,converged,3
10034000,1.6689300537109375e-05,0.88,22,converged,3
10033100,6.67572021484375e-05,0.92,23,converged,4
10033010,6.67572021484375e-05,0.92,23,converged,4
10033001,6.67572021484375e-05,0.84,21,converged,4
10032200,0.00010013580322265625,0.96,24,converged,4
10032110,0.0002002716064453125,0.8,20,converged,5
10032101,0.0002002716064453125,0.8,20,converged,5
10032020,0.00010013580322265625,0.8,20,converged,4
10032011,0.0002002716064453125,0.96,24,converged,5
10032002,0.00010013580322265625,0.92,23,converged,4
10031300,6.67572021484375e-05,0.88,22,converged,4
10031210,0.0002002716064453125,0.88,22,converged,5
10031201,0.0002002716064453125,0.92,23,converged,5
10031120,0.0002002716064453125,0.84,21,converged,5
10031111,0.000400543212890625,0.8,20,converged,6
10031102,0.0002002716064453125,0.84,21,converged,5
10031030,6.67572021484375e-05,0.92,23,converged,4
10031021,0.0002002716064453125,0.92,23,converged,5
10031012,0.0002002716064453125,0.84,21,converged,5
10031003,6.67572021484375e-05,0.84,21,converged,4
10030400,1.6689300537109375e-05,1.0,25,converged,3
10030310,6.67572021484375e-05,0.76,19,converged,4
10030301,6.67572021484375e-05,0.84,21,converged,4
10030220,0.00010013580322265625,0.84,21,converged,4
10030211,0.0002002716064453125,0.84,21,converged,5
10030202,0.00010013580322265625,0.92,23,converged,4
10030130,6.67572021484375e-05,0.92,23,converged,4
10030121,0.0002002716064453125,0.84,21,converged,5
10030112,0.0002002716064453125,0.92,23,converged,5
10030103,6.67572021484375e-05,0.8,20,converged,4
10030040,1.6689300537109375e-05,0.84,21,converged,3
10030031,6.67572021484375e-05,0.84,21,converged,4
10030022,0.00010013580322265625,0.88,22,converged,4
10030013,6.67572021484375e-05,0.84,21,converged,4
10030004,1.6689300537109375e-05,0.92,23,converged,3
10025000,1.0013580322265625e-05,0.88,22,converged,3
10024100,5.0067901611328125e-05,0.88,22,converged,4
10024010,5.0067901611328125e-05,0.84,21,converged,4
10024001,5.0067901611328125e-05,0.8,20,converged,4
10023200,0.00010013580322265625,0.96,24,converged,4
10023110,0.0002002716064453125,0.8,20,converged,5
10023101,0.0002002716064453125,0.88,22,converged,5
10023020,0.00010013580322265625,0.84,21,converged,4
10023011,0.0002002716064453125,0.8,20,converged,5
10023002,0.00010013580322265625,0.8,20,converged,4
10022300,0.00010013580322265625,0.88,22,converged,4
10022210,0.00030040740966796875,0.92,23,converged,5
10022201,0.00030040740966796875,0.92,23,converged,5
10022120,0.00030040740966796875,0.76,19,converged,5
10022111,0.0006008148193359375,0.8,20,converged,6
10022102,0.00030040740966796875,0.84,21,converged,5
10022030,0.00010013580322265625,0.8,20,converged,4
10022021,0.00030040740966796875,0.84,21,converged,5
10022012,0.00030040740966796875,0.84,21,converged,5
10022003,0.00010013580322265625,0.84,21,converged,4
10021400,5.0067901611328125e-05,1.0,25,converged,4
10021310,0.0002002716064453125,0.96,24,converged,5
10021301,0.0002002716064453125,0.88,22,converged,5
10021220,0.00030040740966796875,0.88,22,converged,5
10021211,0.0006008148193359375,0.84,21,converged,6
10021202,0.00030040740966796875,0.88,22,converged,5
10021130,0.0002002716064453125,0.84,21,capped,5
10021121,0.0006008148193359375,0.76,19,converged,6
10021112,0.0006008148193359375,0.8,20,converged,6
10021103,0.0002002716064453125,0.76,19,converged,5
10021040,5.0067901611328125e-05,0.76,19,converged,4
10021031,0.0002002716064453125,0.8,20,converged,5
10021022,0.00030040740966796875,0.84,21,converged,5
10021013,0.0002002716064453125,0.88,22,converged,5
10021004,5.0067901611328125e-05,0.84,21,converged,4
10020500,1.0013580322265625e-05,1.0,25,converged,3
10020410,5.0067901611328125e-05,0.96,24,converged,4
10020401,5.0067901611328125e-05,0.96,24,converged,4
10020320,0.00010013580322265625,0.8,20,converged,4
10020311,0.0002002716064453125,0.8,20,converged,5
10020302,0.00010013580322265625,0.96,24,converged,4
10020230,0.00010013580322265625,0.84,21,converged,4
10020221,0.00030040740966796875,0.88,22,converged,5
10020212,0.00030040740966796875,0.84,21,converged,5
10020203,0.00010013580322265625,0.84,21,converged,4
10020140,5.0067901611328125e-05,0.84,21,converged,4
10020131,0.0002002716064453125,0.88,22,converged,5
10020122,0.00030040740966796875,0.88,22,capped,5
10020113,0.0002002716064453125,0.72,18,converged,5
10020104,5.0067901611328125e-05,0.76,19,converged,4
10020050,1.0013580322265625e-05,0.84,21,converged,3
10020041,5.0067901611328125e-05,0.84,21,converged,4
10020032,0.00010013580322265625,0.76,19,converged,4
10020023,0.00010013580322265625,0.68,17,converged,4
10020014,5.0067901611328125e-05,0.88,22,converged,4
10020005,1.0013580322265625e-05,0.92,23,converged,3
10016000,3.337860107421875e-06,0.84,21,converged,3
10015100,2.002716064453125e-05,0.84,21,converged,4
10015010,2.002716064453125e-05,0.8,20,capped,4
10015001,2.002716064453125e-05,0.8,20,converged,4
10014200,5.0067901611328125e-05,0.84,21,converged,4
10014110,0.00010013580322265625,0.84,21,converged,5
10014101,0.00010013580322265625,0.84,21,converged,5
10014020,5.0067901611328125e-05,0.84,21,converged,4
10014011,0.00010013580322265625,0.8,20,converged,5
10014002,5.0067901611328125e-05,0.84,21,converged,4
10013300,6.67572021484375e-05,0.88,22,converged,4
10013210,0.0002002716064453125,0.88,22,converged,5
10013201,0.0002002716064453125,0.84,21,converged,5
10013120,0.0002002716064453125,0.84,21,converged,5
10013111,0.000400543212890625,0.84,21,converged,6
10013102,0.0002002716064453125,0.84,21,converged,5
10013030,6.67572021484375e-05,0.84,21,converged,4
10013021,0.0002002716064453125,0.84,21,converged,5
10013012,0.0002002716064453125,0.84,21,converged,5
10013003,6.67572021484375e-05,0.72,18,capped,4
10012400,5.0067901611328125e-05,1.0,25,converged,4
10012310,0.0002002716064453125,0.96,24,converged,5
10012301,0.0002002716064453125,0.92,23,converged,5
10012220,0.00030040740966796875,0.96,24,converged,5
10012211,0.0006008148193359375,0.68,17,capped,6
10012202,0.00030040740966796875,0.96,24,converged,5
10012130,0.0002002716064453125,0.84,21,converged,5
10012121,0.0006008148193359375,0.84,21,converged,6
10012112,0.0006008148193359375,0.88,22,converged,6
10012103,0.0002002716064453125,0.64,16,capped,5
10012040,5.0067901611328125e-05,0.84,21,converged,4
10012031,0.0002002716064453125,0.84,21,converged,5
10012022,0.00030040740966796875,0.84,21,converged,5
10012013,0.0002002716064453125,0.84,21,converged,5
10012004,5.0067901611328125e-05,0.8,20,converged,4
10011500,2.002716064453125e-05,0.84,21,converged,4
10011410,0.00010013580322265625,0.88,22,converged,5
10011401,0.00010013580322265625,0.88,22,converged,5
10011320,0.0002002716064453125,0.8,20,converged,5
10011311,0.000400543212890625,1.0,25,converged,6
10011302,0.0002002716064453125,0.96,24,converged,5
10011230,0.0002002716064453125,0.84,21,converged,5
10011221,0.0006008148193359375,0.88,22,converged,6
10011212,0.0006008148193359375,0.96,24,converged,6
10011203,0.0002002716064453125,0.84,21,converged,5
10011140,0.00010013580322265625,0.96,24,converged,5
10011131,0.000400543212890625,0.84,21,converged,6
10011122,0.0006008148193359375,0.88,22,cycled,6
10011113,0.000400543212890625,0.8,20,cycled,6
10011104,0.00010013580322265625,0.6,15,converged,5
10011050,2.002716064453125e-05,0.84,21,converged,4
10011041,0.00010013580322265625,0.84,21,converged,5
10011032,0.0002002716064453125,0.84,21,converged,5
10011023,0.0002002716064453125,0.8,20,converged,5
10011014,0.00010013580322265625,0.84,21,converged,5
10011005,2.002716064453125e-05,0.8,20,converged,4
10010600,3.337860107421875e-06,0.84,21,converged,3
10010510,2.002716064453125e-05,0.92,23,converged,4
10010501,2.002716064453125e-05,0.92,23,converged,4
10010420,5.0067901611328125e-05,0.96,24,converged,4
10010411,0.00010013580322265625,0.92,23,converged,5
10010402,5.0067901611328125e-05,0.88,22,converged,4
10010330,6.67572021484375e-05,0.92,23,converged,4
10010321,0.0002002716064453125,0.8,20,converged,5
10010312,0.0002002716064453125,0.96,24,capped,5
10010303,6.67572021484375e-05,0.84,21,converged,4
10010240,5.0067901611328125e-05,0.84,21,converged,4
10010231,0.0002002716064453125,0.88,22,converged,5
10010222,0.00030040740966796875,0.88,22,converged,5
10010213,0.0002002716064453125,0.92,23,converged,5
10010204,5.0067901611328125e-05,0.96,24,converged,4
10010150,2.002716064453125e-05,0.92,23,converged,4
10010141,0.00010013580322265625,0.88,22,converged,5
10010132,0.0002002716064453125,0.96,24,converged,5
10010123,0.0002002716064453125,0.84,21,converged,5
10010114,0.00010013580322265625,0.84,21,capped,5
10010105,2.002716064453125e-05,0.68,17,capped,4
10010060,3.337860107421875e-06,0.88,22,converged,3
10010051,2.002716064453125e-05,0.92,23,converged,4
10010042,5.0067901611328125e-05,0.84,21,converged,4
10010033,6.67572021484375e-05,0.76,19,capped,4
10010024,5.0067901611328125e-05,0.84,21,converged,4
10010015,2.002716064453125e-05,0.76,19,cycled,4
10010006,3.337860107421875e-06,0.8,20,converged,3
10007000,4.76837158203125e-07,0.88,22,converged,2
10006100,3.337860107421875e-06,0.84,21,converged,3
10006010,3.337860107421875e-06,0.84,21,capped,3
10006001,3.337860107421875e-06,0.84,21,converged,3
10005200,1.0013580322265625e-05,0.8,20,converged,3
10005110,2.002716064453125e-05,0.88,22,converged,4
10005101,2.002716064453125e-05,0.84,21,converged,4
10005020,1.0013580322265625e-05,0.76,19,cycled,3
10005011,2.002716064453125e-05,0.8,20,converged,4
10005002,1.0013580322265625e-05,0.92,23,converged,3
10004300,1.6689300537109375e-05,0.92,23,converged,3
10004210,5.0067901611328125e-05,0.92,23,converged,4
10004201,5.0067901611328125e-05,0.88,22,converged,4
10004120,5.0067901611328125e-05,0.92,23,converged,4
10004111,0.00010013580322265625,0.76,19,converged,5
10004102,5.0067901611328125e-05,0.84,21,converged,4
10004030,1.6689300537109375e-05,0.84,21,converged,3
10004021,5.0067901611328125e-05,0.84,21,converged,4
10004012,5.0067901611328125e-05,0.84,21,converged,4
10004003,1.6689300537109375e-05,0.84,21,converged,3
10003400,1.6689300537109375e-05,0.92,23,converged,3
10003310,6.67572021484375e-05,0.96,24,converged,4
10003301,6.67572021484375e-05,0.92,23,converged,4
10003220,0.00010013580322265625,0.88,22,converged,4
10003211,0.0002002716064453125,0.92,23,converged,5
10003202,0.00010013580322265625,0.92,23,converged,4
10003130,6.67572021484375e-05,0.84,21,converged,4
10003121,0.0002002716064453125,0.68,17,cycled,5
10003112,0.0002002716064453125,0.72,18,converged,5
10003103,6.67572021484375e-05,0.76,19,converged,4
10003040,1.6689300537109375e-05,0.84,21,converged,3
10003031,6.67572021484375e-05,0.84,21,converged,4
10003022,0.00010013580322265625,0.88,22,converged,4
10003013,6.67572021484375e-05,0.8,20,cycled,4
10003004,1.6689300537109375e-05,0.8,20,cycled,3
10002500,1.0013580322265625e-05,0.88,22,converged,3
10002410,5.0067901611328125e-05,0.92,23,converged,4
10002401,5.0067901611328125e-05,0.92,23,converged,4
10002320,0.00010013580322265625,0.84,21,converged,4
10002311,0.0002002716064453125,0.88,22,converged,5
10002302,0.00010013580322265625,0.88,22,converged,4
10002230,0.00010013580322265625,0.88,22,converged,4
10002221,0.00030040740966796875,0.92,23,converged,5
10002212,0.00030040740966796875,0.96,24,converged,5
10002203,0.00010013580322265625,0.84,21,converged,4
10002140,5.0067901611328125e-05,0.92,23,converged,4
10002131,0.0002002716064453125,0.88,22,converged,5
10002122,0.00030040740966796875,0.84,21,converged,5
10002113,0.0002002716064453125,0.68,17,converged,5
10002104,5.0067901611328125e-05,0.8,20,converged,4
10002050,1.0013580322265625e-05,0.84,21,converged,3
10002041,5.0067901611328125e-05,0.88,22,converged,4
10002032,0.00010013580322265625,0.84,21,cycled,4
10002023,0.00010013580322265625,0.88,22,converged,4
10002014,5.0067901611328125e-05,0.76,19,cycled,4
10002005,1.0013580322265625e-05,0.76,19,cycled,3
10001600,3.337860107421875e-06,0.88,22,converged,3
10001510,2.002716064453125e-05,0.92,23,converged,4
10001501,2.002716064453125e-05,0.88,22,converged,4
10001420,5.0067901611328125e-05,0.96,24,converged,4
10001411,0.00010013580322265625,0.92,23,converged,5
10001402,5.0067901611328125e-05,0.84,21,converged,4
10001330,6.67572021484375e-05,0.96,24,converged,4
10001321,0.0002002716064453125,0.92,23,converged,5
10001312,0.0002002716064453125,0.8,20,converged,5
10001303,6.67572021484375e-05,0.76,19,converged,4
10001240,5.0067901611328125e-05,0.92,23,capped,4
10001231,0.0002002716064453125,0.92,23,converged,5
10001222,0.00030040740966796875,0.96,24,converged,5
10001213,0.0002002716064453125,0.84,21,capped,5
10001204,5.0067901611328125e-05,0.72,18,converged,4
10001150,2.002716064453125e-05,0.92,23,converged,4
10001141,0.00010013580322265625,0.92,23,converged,5
10001132,0.0002002716064453125,0.96,24,converged,5
10001123,0.0002002716064453125,0.68,17,capped,5
10001114,0.00010013580322265625,0.68,17,converged,5
10001105,2.002716064453125e-05,0.72,18,converged,4
10001060,3.337860107421875e-06,0.88,22,converged,3
10001051,2.002716064453125e-05,0.84,21,converged,4
10001042,5.0067901611328125e-05,0.88,22,converged,4
10001033,6.67572021484375e-05,0.72,18,converged,4
10001024,5.0067901611328125e-05,0.88,22,converged,4
10001015,2.002716064453125e-05,0.8,20,cycled,4
10001006,3.337860107421875e-06,0.72,18,cycled,3
10000700,4.76837158203125e-07,0.88,22,converged,2
10000610,3.337860107421875e-06,0.92,23,converged,3
10000601,3.337860107421875e-06,0.84,21,converged,3
10000520,1.0013580322265625e-05,1.0,25,cycled,3
10000511,2.002716064453125e-05,0.92,23,converged,4
10000502,1.0013580322265625e-05,0.88,22,converged,3
10000430,1.6689300537109375e-05,1.0,25,converged,3
10000421,5.0067901611328125e-05,0.92,23,converged,4
10000412,5.0067901611328125e-05,0.88,22,converged,4
10000403,1.6689300537109375e-05,0.84,21,converged,3
10000340,1.6689300537109375e-05,0.96,24,converged,3
10000331,6.67572021484375e-05,0.92,23,converged,4
10000322,0.00010013580322265625,0.76,19,converged,4
10000313,6.67572021484375e-05,0.88,22,converged,4
10000304,1.6689300537109375e-05,0.84,21,converged,3
10000250,1.0013580322265625e-05,0.84,21,capped,3
10000241,5.0067901611328125e-05,1.0,25,converged,4
10000232,0.00010013580322265625,0.92,23,converged,4
10000223,0.00010013580322265625,0.96,24,converged,4
10000214,5.0067901611328125e-05,0.84,21,cycled,4
10000205,1.0013580322265625e-05,0.76,19,converged,3
10000160,3.337860107421875e-06,0.92,23,converged,3
10000151,2.002716064453125e-05,0.88,22,converged,4
10000142,5.0067901611328125e-05,0.88,22,converged,4
10000133,6.67572021484375e-05,0.92,23,converged,4
10000124,5.0067901611328125e-05,0.72,18,converged,4
10000115,2.002716064453125e-05,0.68,17,cycled,4
10000106,3.337860107421875e-06,0.8,20,converged,3
10000070,4.76837158203125e-07,0.92,23,converged,2
10000061,3.337860107421875e-06,0.92,23,converged,3
10000052,1.0013580322265625e-05,0.84,21,converged,3
10000043,1.6689300537109375e-05,0.76,19,capped,3
10000034,1.6689300537109375e-05,0.72,18,converged,3
10000025,1.0013580322265625e-05,0.84,21,converged,3
10000016,3.337860107421875e-06,0.8,20,cycled,3
10000007,4.76837158203125e-07,0.68,17,converged,2
08000000,5.960464477539063e-08,0.96,24,converged,1
07100000,4.76837158203125e-07,0.92,23,converged,2
07010000,4.76837158203125e-07,0.96,24,converged,2
07001000,4.76837158203125e-07,0.92,23,converged,2
07000100,4.76837158203125e-07,0.88,22,converged,2
07000010,4.76837158203125e-07,0.92,23,converged,2
07000001,4.76837158203125e-07,0.92,23,converged,2
06200000,1.6689300537109375e-06,1.0,25,converged,2
06110000,3.337860107421875e-06,0.92,23,converged,3
06101000,3.337860107421875e-06,0.96,24,converged,3
06100100,3.337860107421875e-06,0.96,24,converged,3
06100010,3.337860107421875e-06,0.92,23,converged,3
06100001,3.337860107421875e-06,0.92,23,converged,3
06020000,1.6689300537109375e-06,0.96,24,converged,2
06011000,3.337860107421875e-06,0.92,23,converged,3
06010100,3.337860107421875e-06,0.96,24,converged,3
06010010,3.337860107421875e-06,0.92,23,converged,3
06010001,3.337860107421875e-06,0.92,23,converged,3
06002000,1.6689300537109375e-06,0.96,24,converged,2
06001100,3.337860107421875e-06,0.92,23,converged,3
06001010,3.337860107421875e-06,0.92,23,converged,3
06001001,3.337860107421875e-06,0.92,23,converged,3
06000200,1.6689300537109375e-06,0.84,21,converged,2
06000110,3.337860107421875e-06,0.84,21,converged,3
06000101,3.337860107421875e-06,0.88,22,converged,3
06000020,1.6689300537109375e-06,0.88,22,converged,2
06000011,3.337860107421875e-06,0.92,23,converged,3
06000002,1.6689300537109375e-06,0.88,22,converged,2
05300000,3.337860107421875e-06,0.96,24,cycled,2
05210000,1.0013580322265625e-05,0.96,24,cycled,3
05201000,1.0013580322265625e-05,0.96,24,cycled,3
05200100,1.0013580322265625e-05,0.96,24,converged,3
05200010,1.0013580322265625e-05,0.96,24,converged,3
05200001,1.0013580322265625e-05,0.92,23,converged,3
05120000,1.0013580322265625e-05,0.92,23,converged,3
05111000,2.002716064453125e-05,0.96,24,converged,4
05110100,2.002716064453125e-05,0.96,24,converged,4
05110010,2.002716064453125e-05,0.92,23,converged,4
05110001,2.002716064453125e-05,0.92,23,converged,4
05102000,1.0013580322265625e-05,0.96,24,converged,3
05101100,2.002716064453125e-05,1.0,25,converged,4
05101010,2.002716064453125e-05,0.96,24,converged,4
05101001,2.002716064453125e-05,0.96,24,converged,4
05100200,1.0013580322265625e-05,0.8,20,converged,3
05100110,2.002716064453125e-05,0.88,22,converged,4
05100101,2.002716064453125e-05,0.88,22,converged,4
05100020,1.0013580322265625e-05,0.88,22,converged,3
05100011,2.002716064453125e-05,0.88,22,converged,4
05100002,1.0013580322265625e-05,0.92,23,converged,3
05030000,3.337860107421875e-06,0.96,24,converged,2
05021000,1.0013580322265625e-05,1.0,25,converged,3
05020100,1.0013580322265625e-05,0.92,23,converged,3
05020010,1.0013580322265625e-05,0.92,23,converged,3
05020001,1.0013580322265625e-05,1.0,25,converged,3
05012000,1.0013580322265625e-05,0.96,24,converged,3
05011100,2.002716064453125e-05,0.96,24,converged,4
05011010,2.002716064453125e-05,0.96,24,converged,4
05011001,2.002716064453125e-05,0.92,23,converged,4
05010200,1.0013580322265625e-05,0.84,21,converged,3
05010110,2.002716064453125e-05,0.92,23,converged,4
05010101,2.002716064453125e-05,0.88,22,converged,4
05010020,1.0013580322265625e-05,0.88,22,converged,3
05010011,2.002716064453125e-05,0.88,22,converged,4
05010002,1.0013580322265625e-05,0.88,22,converged,3
05003000,3.337860107421875e-06,0.96,24,converged,2
05002100,1.0013580322265625e-05,0.96,24,converged,3
05002010,1.0013580322265625e-05,0.92,23,converged,3
05002001,1.0013580322265625e-05,1.0,25,converged,3
05001200,1.0013580322265625e-05,0.8,20,converged,3
05001110,2.002716064453125e-05,0.92,23,converged,4
05001101,2.002716064453125e-05,0.84,21,converged,4
05001020,1.0013580322265625e-05,0.88,22,converged,3
05001011,2.002716064453125e-05,0.92,23,converged,4
05001002,1.0013580322265625e-05,0.84,21,converged,3
05000300,3.337860107421875e-06,0.84,21,converged,2
05000210,1.0013580322265625e-05,0.72,18,converged,3
05000201,1.0013580322265625e-05,0.8,20,converged,3
05000120,1.0013580322265625e-05,0.84,21,converged,3
05000111,2.002716064453125e-05,0.8,20,converged,4
05000102,1.0013580322265625e-05,0.8,20,converged,3
05000030,3.337860107421875e-06,0.92,23,converged,2
05000021,1.0013580322265625e-05,1.0,25,converged,3
05000012,1.0013580322265625e-05,0.96,24,converged,3
05000003,3.337860107421875e-06,0.84,21,converged,2
04400000,4.172325134277344e-06,1.0,25,converged,2
04310000,1.6689300537109375e-05,0.96,24,cycled,3
04301000,1.6689300537109375e-05,1.0,25,converged,3
04300100,1.6689300537109375e-05,1.0,25,converged,3
04300010,1.6689300537109375e-05,0.96,24,cycled,3
04300001,1.6689300537109375e-05,0.96,24,converged,3
04220000,2.5033950805664062e-05,0.92,23,cycled,3
04211000,5.0067901611328125e-05,0.92,23,cycled,4
04210100,5.0067901611328125e-05,1.0,25,converged,4
04210010,5.0067901611328125e-05,0.92,23,converged,4
04210001,5.0067901611328125e-05,0.96,24,converged,4
04202000,2.5033950805664062e-05,0.96,24,converged,3
04201100,5.0067901611328125e-05,0.92,23,converged,4
04201010,5.0067901611328125e-05,0.96,24,converged,4
04201001,5.0067901611328125e-05,1.0,25,converged,4
04200200,2.5033950805664062e-05,0.8,20,converged,3
04200110,5.0067901611328125e-05,0.92,23,converged,4
04200101,5.0067901611328125e-05,0.92,23,converged,4
04200020,2.5033950805664062e-05,0.88,22,converged,3
04200011,5.0067901611328125e-05,0.92,23,converged,4
04200002,2.5033950805664062e-05,0.88,22,converged,3
04130000,1.6689300537109375e-05,0.76,19,capped,3
04121000,5.0067901611328125e-05,1.0,25,converged,4
04120100,5.0067901611328125e-05,0.96,24,converged,4
04120010,5.0067901611328125e-05,0.92,23,converged,4
04120001,5.0067901611328125e-05,1.0,25,converged,4
04112000,5.0067901611328125e-05,0.96,24,converged,4
04111100,0.00010013580322265625,0.96,24,converged,5
04111010,0.00010013580322265625,0.96,24,converged,5
04111001,0.00010013580322265625,0.96,24,converged,5
04110200,5.0067901611328125e-05,1.0,25,cycled,4
04110110,0.00010013580322265625,0.92,23,converged,5
04110101,0.00010013580322265625,0.92,23,converged,5
04110020,5.0067901611328125e-05,0.92,23,converged,4
04110011,0.00010013580322265625,0.92,23,converged,5
04110002,5.0067901611328125e-05,0.92,23,converged,4
04103000,1.6689300537109375e-05,0.96,24,converged,3
04102100,5.0067901611328125e-05,0.96,24,converged,4
04102010,5.0067901611328125e-05,0.96,24,converged,4
04102001,5.0067901611328125e-05,0.96,24,converged,4
04101200,5.0067901611328125e-05,0.8,20,converged,4
04101110,0.00010013580322265625,0.84,21,converged,5
04101101,0.00010013580322265625,0.88,22,converged,5
04101020,5.0067901611328125e-05,0.84,21,cycled,4
04101011,0.00010013580322265625,0.96,24,cycled,5
04101002,5.0067901611328125e-05,0.92,23,converged,4
04100300,1.6689300537109375e-05,0.96,24,converged,3
04100210,5.0067901611328125e-05,0.8,20,converged,4
04100201,5.0067901611328125e-05,0.84,21,cycled,4
04100120,5.0067901611328125e-05,0.8,20,converged,4
04100111,0.00010013580322265625,0.8,20,converged,5
04100102,5.0067901611328125e-05,0.84,21,converged,4
04100030,1.6689300537109375e-05,0.8,20,converged,3
04100021,5.0067901611328125e-05,0.84,21,converged,4
04100012,5.0067901611328125e-05,0.84,21,converged,4
04100003,1.6689300537109375e-05,0.84,21,converged,3
04040000,4.172325134277344e-06,0.92,23,converged,2
04031000,1.6689300537109375e-05,0.96,24,converged,3
04030100,1.6689300537109375e-05,0.92,23,converged,3
04030010,1.6689300537109375e-05,0.92,23,converged,3
04030001,1.6689300537109375e-05,0.96,24,converged,3
04022000,2.5033950805664062e-05,0.96,24,converged,3
04021100,5.0067901611328125e-05,0.96,24,converged,4
04021010,5.0067901611328125e-05,0.88,22,converged,4
04021001,5.0067901611328125e-05,0.96,24,converged,4
04020200,2.5033950805664062e-05,0.8,20,cycled,3
04020110,5.0067901611328125e-05,0.88,22,converged,4
04020101,5.0067901611328125e-05,0.88,22,converged,4
04020020,2.5033950805664062e-05,0.88,22,converged,3
04020011,5.0067901611328125e-05,0.88,22,converged,4
04020002,2.5033950805664062e-05,0.92,23,converged,3
04013000,1.6689300537109375e-05,0.96,24,converged,3
04012100,5.0067901611328125e-05,0.92,23,converged,4
04012010,5.0067901611328125e-05,0.96,24,converged,4
04012001,5.0067901611328125e-05,0.92,23,converged,4
04011200,5.0067901611328125e-05,0.84,21,converged,4
04011110,0.00010013580322265625,0.92,23,converged,5
04011101,0.00010013580322265625,0.88,22,converged,5
04011020,5.0067901611328125e-05,0.96,24,converged,4
04011011,0.00010013580322265625,0.96,24,cycled,5
04011002,5.0067901611328125e-05,0.84,21,converged,4
04010300,1.6689300537109375e-05,0.88,22,converged,3
04010210,5.0067901611328125e-05,0.76,19,cycled,4
04010201,5.0067901611328125e-05,0.88,22,converged,4
04010120,5.0067901611328125e-05,0.84,21,converged,4
04010111,0.00010013580322265625,0.84,21,converged,5
04010102,5.0067901611328125e-05,0.84,21,converged,4
04010030,1.6689300537109375e-05,0.76,19,converged,3
04010021,5.0067901611328125e-05,0.88,22,converged,4
04010012,5.0067901611328125e-05,0.88,22,converged,4
04010003,1.6689300537109375e-05,0.92,23,converged,3
04004000,4.172325134277344e-06,0.96,24,converged,2
04003100,1.6689300537109375e-05,0.92,23,converged,3
04003010,1.6689300537109375e-05,0.96,24,converged,3
04003001,1.6689300537109375e-05,0.96,24,converged,3
04002200,2.5033950805664062e-05,0.76,19,converged,3
04002110,5.0067901611328125e-05,0.92,23,converged,4
04002101,5.0067901611328125e-05,0.8,20,cycled,4
04002020,2.5033950805664062e-05,0.84,21,converged,3
04002011,5.0067901611328125e-05,0.88,22,converged,4
04002002,2.5033950805664062e-05,0.84,21,converged,3
04001300,1.6689300537109375e-05,0.8,20,cycled,3
04001210,5.0067901611328125e-05,0.72,18,converged,4
04001201,5.0067901611328125e-05,0.8,20,converged,4
04001120,5.0067901611328125e-05,0.8,20,converged,4
04001111,0.00010013580322265625,0.8,20,converged,5
04001102,5.0067901611328125e-05,0.84,21,converged,4
04001030,1.6689300537109375e-05,0.84,21,converged,3
04001021,5.0067901611328125e-05,0.8,20,cycled,4
04001012,5.0067901611328125e-05,0.84,21,converged,4
04001003,1.6689300537109375e-05,0.84,21,converged,3
04000400,4.172325134277344e-06,1.0,25,capped,2
04000310,1.6689300537109375e-05,1.0,25,capped,3
04000301,1.6689300537109375e-05,0.76,19,converged,3
04000220,2.5033950805664062e-05,0.8,20,cycled,3
04000211,5.0067901611328125e-05,0.8,20,converged,4
04000202,2.5033950805664062e-05,0.8,20,capped,3
04000130,1.6689300537109375e-05,0.8,20,converged,3
04000121,5.0067901611328125e-05,0.96,24,converged,4
04000112,5.0067901611328125e-05,0.96,24,converged,4
04000103,1.6689300537109375e-05,0.8,20,converged,3
04000040,4.172325134277344e-06,0.84,21,converged,2
04000031,1.6689300537109375e-05,0.76,19,cycled,3
04000022,2.5033950805664062e-05,0.8,20,cycled,3
04000013,1.6689300537109375e-05,0.88,22,converged,3
04000004,4.172325134277344e-06,0.84,21,converged,2
03500000,3.337860107421875e-06,0.92,23,converged,2
03410000,1.6689300537109375e-05,1.0,25,converged,3
03401000,1.6689300537109375e-05,0.92,23,converged,3
03400100,1.6689300537109375e-05,0.92,23,capped,3
03400010,1.6689300537109375e-05,1.0,25,converged,3
03400001,1.6689300537109375e-05,0.88,22,converged,3
03320000,3.337860107421875e-05,0.96,24,converged,3
03311000,6.67572021484375e-05,1.0,25,converged,4
03310100,6.67572021484375e-05,0.92,23,converged,4
03310010,6.67572021484375e-05,0.96,24,converged,4
03310001,6.67572021484375e-05,0.96,24,converged,4
03302000,3.337860107421875e-05,1.0,25,converged,3
03301100,6.67572021484375e-05,0.88,22,converged,4
03301010,6.67572021484375e-05,0.88,22,converged,4
03301001,6.67572021484375e-05,0.96,24,converged,4
03300200,3.337860107421875e-05,0.84,21,converged,3
03300110,6.67572021484375e-05,0.92,23,converged,4
03300101,6.67572021484375e-05,0.92,23,converged,4
03300020,3.337860107421875e-05,0.84,21,converged,3
03300011,6.67572021484375e-05,0.88,22,capped,4
03300002,3.337860107421875e-05,0.96,24,converged,3
03230000,3.337860107421875e-05,0.96,24,converged,3
03221000,0.00010013580322265625,0.96,24,converged,4
03220100,0.00010013580322265625,0.96,24,converged,4
03220010,0.00010013580322265625,0.96,24,converged,4
03220001,0.00010013580322265625,0.96,24,converged,4
03212000,0.00010013580322265625,0.96,24,converged,4
03211100,0.0002002716064453125,0.88,22,converged,5
03211010,0.0002002716064453125,0.96,24,converged,5
03211001,0.0002002716064453125,0.96,24,converged,5
03210200,0.00010013580322265625,0.8,20,cycled,4
03210110,0.0002002716064453125,0.96,24,converged,5
03210101,0.0002002716064453125,0.88,22,converged,5
03210020,0.00010013580322265625,0.92,23,converged,4
03210011,0.0002002716064453125,0.96,24,converged,5
03210002,0.00010013580322265625,0.92,23,converged,4
03203000,3.337860107421875e-05,0.92,23,converged,3
03202100,0.00010013580322265625,0.84,21,converged,4
03202010,0.00010013580322265625,0.84,21,converged,4
03202001,0.00010013580322265625,0.92,23,converged,4
03201200,0.00010013580322265625,0.84,21,converged,4
03201110,0.0002002716064453125,0.84,21,converged,5
03201101,0.0002002716064453125,0.84,21,converged,5
03201020,0.00010013580322265625,0.96,24,converged,4
03201011,0.0002002716064453125,0.88,22,converged,5
03201002,0.00010013580322265625,0.88,22,converged,4
03200300,3.337860107421875e-05,0.92,23,converged,3
03200210,0.00010013580322265625,0.8,20,capped,4
03200201,0.00010013580322265625,0.96,24,converged,4
03200120,0.00010013580322265625,0.84,21,converged,4
03200111,0.0002002716064453125,0.84,21,converged,5
03200102,0.00010013580322265625,0.84,21,converged,4
03200030,3.337860107421875e-05,0.84,21,converged,3
03200021,0.00010013580322265625,0.88,22,converged,4
03200012,0.00010013580322265625,0.88,22,converged,4
03200003,3.337860107421875e-05,0.8,20,converged,3
03140000,1.6689300537109375e-05,0.8,20,capped,3
03131000,6.67572021484375e-05,0.96,24,converged,4
03130100,6.67572021484375e-05,0.92,23,converged,4
03130010,6.67572021484375e-05,0.92,23,converged,4
03130001,6.67572021484375e-05,0.96,24,converged,4
03122000,0.00010013580322265625,0.96,24,converged,4
03121100,0.0002002716064453125,0.96,24,converged,5
03121010,0.0002002716064453125,0.92,23,converged,5
03121001,0.0002002716064453125,0.96,24,converged,5
03120200,0.00010013580322265625,0.88,22,converged,4
03120110,0.0002002716064453125,0.96,24,converged,5
03120101,0.0002002716064453125,0.96,24,converged,5
03120020,0.00010013580322265625,0.88,22,converged,4
03120011,0.0002002716064453125,0.88,22,converged,5
03120002,0.00010013580322265625,0.92,23,converged,4
03113000,6.67572021484375e-05,0.96,24,converged,4
03112100,0.0002002716064453125,0.88,22,converged,5
03112010,0.0002002716064453125,0.96,24,converged,5
03112001,0.0002002716064453125,0.96,24,converged,5
03111200,0.0002002716064453125,0.8,20,converged,5
03111110,0.000400543212890625,0.96,24,converged,6
03111101,0.000400543212890625,0.96,24,converged,6
03111020,0.0002002716064453125,0.96,24,converged,5
03111011,0.000400543212890625,0.92,23,converged,6
03111002,0.0002002716064453125,0.92,23,converged,5
03110300,6.67572021484375e-05,0.84,21,converged,4
03110210,0.0002002716064453125,0.96,24,converged,5
03110201,0.0002002716064453125,0.84,21,converged,5
03110120,0.0002002716064453125,0.88,22,converged,5
03110111,0.000400543212890625,0.92,23,converged,6
03110102,0.0002002716064453125,0.92,23,converged,5
03110030,6.67572021484375e-05,0.84,21,cycled,4
03110021,0.0002002716064453125,0.92,23,converged,5
03110012,0.0002002716064453125,0.88,22,converged,5
03110003,6.67572021484375e-05,0.88,22,converged,4
03104000,1.6689300537109375e-05,0.92,23,converged,3
03103100,6.67572021484375e-05,0.88,22,converged,4
03103010,6.67572021484375e-05,1.0,25,converged,4
03103001,6.67572021484375e-05,0.92,23,converged,4
03102200,0.00010013580322265625,0.76,19,cycled,4
03102110,0.0002002716064453125,0.88,22,converged,5
03102101,0.0002002716064453125,0.84,21,converged,5
03102020,0.00010013580322265625,0.88,22,cycled,4
03102011,0.0002002716064453125,0.92,23,converged,5
03102002,0.00010013580322265625,0.92,23,converged,4
03101300,6.67572021484375e-05,0.8,20,converged,4
03101210,0.0002002716064453125,0.76,19,converged,5
03101201,0.0002002716064453125,0.8,20,capped,5
03101120,0.0002002716064453125,0.8,20,converged,5
03101111,0.000400543212890625,0.84,21,converged,6
03101102,0.0002002716064453125,0.8,20,converged,5
03101030,6.67572021484375e-05,0.84,21,cycled,4
03101021,0.0002002716064453125,0.8,20,converged,5
03101012,0.0002002716064453125,0.84,21,converged,5
03101003,6.67572021484375e-05,0.92,23,converged,4
03100400,1.6689300537109375e-05,0.96,24,converged,3
03100310,6.67572021484375e-05,0.92,23,converged,4
03100301,6.67572021484375e-05,0.84,21,converged,4
03100220,0.00010013580322265625,0.72,18,cycled,4
03100211,0.0002002716064453125,0.76,19,converged,5
03100202,0.00010013580322265625,0.8,20,capped,4
03100130,6.67572021484375e-05,0.76,19,converged,4
03100121,0.0002002716064453125,0.84,21,converged,5
03100112,0.0002002716064453125,0.88,22,converged,5
03100103,6.67572021484375e-05,0.88,22,cycled,4
03100040,1.6689300537109375e-05,0.88,22,converged,3
03100031,6.67572021484375e-05,0.84,21,converged,4
03100022,0.00010013580322265625,0.84,21,converged,4
03100013,6.67572021484375e-05,0.84,21,converged,4
03100004,1.6689300537109375e-05,0.84,21,converged,3
03050000,3.337860107421875e-06,0.72,18,converged,2
03041000,1.6689300537109375e-05,0.84,21,converged,3
03040100,1.6689300537109375e-05,0.84,21,converged,3
03040010,1.6689300537109375e-05,0.88,22,converged,3
03040001,1.6689300537109375e-05,0.84,21,converged,3
03032000,3.337860107421875e-05,0.96,24,converged,3
03031100,6.67572021484375e-05,0.88,22,converged,4
03031010,6.67572021484375e-05,0.92,23,converged,4
03031001,6.67572021484375e-05,0.92,23,converged,4
03030200,3.337860107421875e-05,0.8,20,cycled,3
03030110,6.67572021484375e-05,0.84,21,converged,4
03030101,6.67572021484375e-05,0.88,22,converged,4
03030020,3.337860107421875e-05,0.84,21,converged,3
03030011,6.67572021484375e-05,0.8,20,converged,4
03030002,3.337860107421875e-05,0.88,22,converged,3
03023000,3.337860107421875e-05,0.96,24,converged,3
03022100,0.00010013580322265625,0.96,24,converged,4
03022010,0.00010013580322265625,0.88,22,converged,4
03022001,0.00010013580322265625,0.92,23,converged,4
03021200,0.00010013580322265625,0.84,21,converged,4
03021110,0.0002002716064453125,0.88,22,capped,5
03021101,0.0002002716064453125,0.96,24,cycled,5
03021020,0.00010013580322265625,0.88,22,cycled,4
03021011,0.0002002716064453125,0.84,21,converged,5
03021002,0.00010013580322265625,0.92,23,converged,4
03020300,3.337860107421875e-05,0.8,20,converged,3
03020210,0.00010013580322265625,0.8,20,cycled,4
03020201,0.00010013580322265625,0.88,22,converged,4
03020120,0.00010013580322265625,0.84,21,converged,4
03020111,0.0002002716064453125,0.84,21,converged,5
03020102,0.00010013580322265625,0.92,23,converged,4
03020030,3.337860107421875e-05,0.84,21,converged,3
03020021,0.00010013580322265625,0.8,20,converged,4
03020012,0.00010013580322265625,0.96,24,converged,4
03020003,3.337860107421875e-05,0.92,23,converged,3
03014000,1.6689300537109375e-05,0.96,24,converged,3
03013100,6.67572021484375e-05,0.88,22,converged,4
03013010,6.67572021484375e-05,0.96,24,converged,4
03013001,6.67572021484375e-05,0.96,24,converged,4
03012200,0.00010013580322265625,0.8,20,converged,4
03012110,0.0002002716064453125,0.84,21,converged,5
03012101,0.0002002716064453125,0.84,21,converged,5
03012020,0.00010013580322265625,0.88,22,cycled,4
03012011,0.0002002716064453125,0.92,23,converged,5
03012002,0.00010013580322265625,0.88,22,converged,4
03011300,6.67572021484375e-05,0.84,21,converged,4
03011210,0.0002002716064453125,0.92,23,converged,5
03011201,0.0002002716064453125,0.88,22,cycled,5
03011120,0.0002002716064453125,0.8,20,capped,5
03011111,0.000400543212890625,0.84,21,converged,6
03011102,0.0002002716064453125,0.84,21,converged,5
03011030,6.67572021484375e-05,0.76,19,converged,4
03011021,0.0002002716064453125,0.8,20,converged,5
03011012,0.0002002716064453125,0.84,21,converged,5
03011003,6.67572021484375e-05,0.84,21,converged,4
03010400,1.6689300537109375e-05,0.92,23,converged,3
03010310,6.67572021484375e-05,0.8,20,converged,4
03010301,6.67572021484375e-05,0.8,20,converged,4
03010220,0.00010013580322265625,0.72,18,converged,4
03010211,0.0002002716064453125,0.76,19,converged,5
03010202,0.00010013580322265625,0.76,19,converged,4
03010130,6.67572021484375e-05,0.68,17,converged,4
03010121,0.0002002716064453125,0.8,20,converged,5
03010112,0.0002002716064453125,0.8,20,converged,5
03010103,6.67572021484375e-05,0.84,21,converged,4
03010040,1.6689300537109375e-05,0.76,19,converged,3
03010031,6.67572021484375e-05,0.72,18,converged,4
03010022,0.00010013580322265625,0.8,20,converged,4
03010013,6.67572021484375e-05,0.84,21,converged,4
03010004,1.6689300537109375e-05,0.96,24,converged,3
03005000,3.337860107421875e-06,0.96,24,converged,2
03004100,1.6689300537109375e-05,0.8,20,converged,3
03004010,1.6689300537109375e-05,0.96,24,converged,3
03004001,1.6689300537109375e-05,0.92,23,converged,3
03003200,3.337860107421875e-05,0.84,21,cycled,3
03003110,6.67572021484375e-05,0.76,19,converged,4
03003101,6.67572021484375e-05,0.8,20,converged,4
03003020,3.337860107421875e-05,0.88,22,converged,3
03003011,6.67572021484375e-05,0.88,22,converged,4
03003002,3.337860107421875e-05,0.88,22,converged,3
03002300,3.337860107421875e-05,0.96,24,converged,3
03002210,0.00010013580322265625,0.72,18,cycled,4
03002201,0.00010013580322265625,0.72,18,capped,4
03002120,0.00010013580322265625,0.8,20,cycled,4
03002111,0.0002002716064453125,0.84,21,cycled,5
03002102,0.00010013580322265625,0.88,22,converged,4
03002030,3.337860107421875e-05,0.84,21,converged,3
03002021,0.00010013580322265625,0.84,21,converged,4
03002012,0.00010013580322265625,0.84,21,converged,4
03002003,3.337860107421875e-05,0.84,21,converged,3
03001400,1.6689300537109375e-05,0.96,24,converged,3
03001310,6.67572021484375e-05,0.84,21,converged,4
03001301,6.67572021484375e-05,0.96,24,converged,4
03001220,0.00010013580322265625,0.92,23,converged,4
03001211,0.0002002716064453125,0.84,21,converged,5
03001202,0.00010013580322265625,0.92,23,cycled,4
03001130,6.67572021484375e-05,0.8,20,converged,4
03001121,0.0002002716064453125,0.92,23,converged,5
03001112,0.0002002716064453125,0.84,21,converged,5
03001103,6.67572021484375e-05,0.72,18,capped,4
03001040,1.6689300537109375e-05,0.84,21,converged,3
03001031,6.67572021484375e-05,0.8,20,converged,4
03001022,0.00010013580322265625,0.84,21,converged,4
03001013,6.67572021484375e-05,0.84,21,converged,4
03001004,1.6689300537109375e-05,0.84,21,converged,3
03000500,3.337860107421875e-06,0.96,24,converged,2
03000410,1.6689300537109375e-05,1.0,25,capped,3
03000401,1.6689300537109375e-05,1.0,25,converged,3
03000320,3.337860107421875e-05,0.88,22,cycled,3
03000311,6.67572021484375e-05,0.88,22,converged,4
03000302,3.337860107421875e-05,0.8,20,converged,3
03000230,3.337860107421875e-05,0.92,23,converged,3
03000221,0.00010013580322265625,0.96,24,converged,4
03000212,0.00010013580322265625,0.88,22,converged,4
03000203,3.337860107421875e-05,0.88,22,converged,3
03000140,1.6689300537109375e-05,0.8,20,converged,3
03000131,6.67572021484375e-05,0.84,21,converged,4
03000122,0.00010013580322265625,0.88,22,converged,4
03000113,6.67572021484375e-05,0.8,20,capped,4
03000104,1.6689300537109375e-05,0.88,22,capped,3
03000050,3.337860107421875e-06,0.84,21,converged,2
03000041,1.6689300537109375e-05,0.76,19,converged,3
03000032,3.337860107421875e-05,0.84,21,converged,3
03000023,3.337860107421875e-05,0.92,23,converged,3
03000014,1.6689300537109375e-05,0.92,23,converged,3
03000005,3.337860107421875e-06,0.92,23,converged,2
02600000,1.6689300537109375e-06,1.0,25,converged,2
02510000,1.0013580322265625e-05,0.96,24,converged,3
02501000,1.0013580322265625e-05,0.96,24,converged,3
02500100,1.0013580322265625e-05,0.92,23,converged,3
02500010,1.0013580322265625e-05,1.0,25,converged,3
02500001,1.0013580322265625e-05,0.96,24,converged,3
02420000,2.5033950805664062e-05,0.92,23,converged,3
02411000,5.0067901611328125e-05,0.92,23,converged,4
02410100,5.0067901611328125e-05,0.8,20,capped,4
02410010,5.0067901611328125e-05,0.92,23,converged,4
02410001,5.0067901611328125e-05,0.8,20,capped,4
02402000,2.5033950805664062e-05,1.0,25,converged,3
02401100,5.0067901611328125e-05,0.92,23,converged,4
02401010,5.0067901611328125e-05,1.0,25,converged,4
02401001,5.0067901611328125e-05,0.96,24,converged,4
02400200,2.5033950805664062e-05,0.92,23,converged,3
02400110,5.0067901611328125e-05,0.88,22,capped,4
02400101,5.0067901611328125e-05,0.88,22,capped,4
02400020,2.5033950805664062e-05,0.88,22,converged,3
02400011,5.0067901611328125e-05,1.0,25,converged,4
02400002,2.5033950805664062e-05,0.92,23,converged,3
02330000,3.337860107421875e-05,0.96,24,converged,3
02321000,0.00010013580322265625,1.0,25,converged,4
02320100,0.00010013580322265625,0.84,21,cycled,4
02320010,0.00010013580322265625,0.96,24,converged,4
02320001,0.00010013580322265625,1.0,25,cycled,4
02312000,0.00010013580322265625,0.96,24,converged,4
02311100,0.0002002716064453125,0.8,20,converged,5
02311010,0.0002002716064453125,0.92,23,converged,5
02311001,0.0002002716064453125,0.96,24,converged,5
02310200,0.00010013580322265625,0.92,23,converged,4
02310110,0.0002002716064453125,0.84,21,capped,5
02310101,0.0002002716064453125,0.8,20,converged,5
02310020,0.00010013580322265625,0.92,23,converged,4
02310011,0.0002002716064453125,0.96,24,converged,5
02310002,0.00010013580322265625,0.92,23,converged,4
02303000,3.337860107421875e-05,0.88,22,converged,3
02302100,0.00010013580322265625,0.88,22,cycled,4
02302010,0.00010013580322265625,0.92,23,converged,4
02302001,0.00010013580322265625,0.88,22,converged,4
02301200,0.00010013580322265625,0.88,22,converged,4
02301110,0.0002002716064453125,0.92,23,converged,5
02301101,0.0002002716064453125,0.88,22,converged,5
02301020,0.00010013580322265625,0.84,21,converged,4
02301011,0.0002002716064453125,0.92,23,converged,5
02301002,0.00010013580322265625,0.88,22,converged,4
02300300,3.337860107421875e-05,0.88,22,converged,3
02300210,0.00010013580322265625,0.92,23,capped,4
02300201,0.00010013580322265625,0.92,23,converged,4
02300120,0.00010013580322265625,0.84,21,converged,4
02300111,0.0002002716064453125,0.88,22,converged,5
02300102,0.00010013580322265625,0.84,21,converged,4
02300030,3.337860107421875e-05,0.84,21,converged,3
02300021,0.00010013580322265625,0.84,21,converged,4
02300012,0.00010013580322265625,0.8,20,converged,4
02300003,3.337860107421875e-05,0.84,21,converged,3
02240000,2.5033950805664062e-05,0.76,19,capped,3
02231000,0.00010013580322265625,0.92,23,capped,4
02230100,0.00010013580322265625,0.92,23,converged,4
02230010,0.00010013580322265625,0.88,22,converged,4
02230001,0.00010013580322265625,0.96,24,converged,4
02222000,0.00015020370483398438,1.0,25,converged,4
02221100,0.00030040740966796875,0.92,23,converged,5
02221010,0.00030040740966796875,0.96,24,converged,5
02221001,0.00030040740966796875,0.96,24,converged,5
02220200,0.00015020370483398438,0.88,22,converged,4
02220110,0.00030040740966796875,0.88,22,converged,5
02220101,0.00030040740966796875,0.88,22,converged,5
02220020,0.00015020370483398438,0.88,22,converged,4
02220011,0.00030040740966796875,0.8,20,converged,5
02220002,0.00015020370483398438,0.92,23,converged,4
02213000,0.00010013580322265625,0.92,23,converged,4
02212100,0.00030040740966796875,0.84,21,converged,5
02212010,0.00030040740966796875,0.96,24,converged,5
02212001,0.00030040740966796875,0.96,24,converged,5
02211200,0.00030040740966796875,0.88,22,converged,5
02211110,0.0006008148193359375,0.88,22,converged,6
02211101,0.0006008148193359375,0.84,21,converged,6
02211020,0.00030040740966796875,0.92,23,converged,5
02211011,0.0006008148193359375,0.92,23,converged,6
02211002,0.00030040740966796875,0.88,22,converged,5
02210300,0.00010013580322265625,0.96,24,converged,4
02210210,0.00030040740966796875,0.8,20,cycled,5
02210201,0.00030040740966796875,0.84,21,converged,5
02210120,0.00030040740966796875,0.84,21,converged,5
02210111,0.0006008148193359375,0.8,20,converged,6
02210102,0.00030040740966796875,0.84,21,converged,5
02210030,0.00010013580322265625,0.92,23,converged,4
02210021,0.00030040740966796875,0.92,23,converged,5
02210012,0.00030040740966796875,0.84,21,converged,5
02210003,0.00010013580322265625,0.8,20,converged,4
02204000,2.5033950805664062e-05,0.92,23,converged,3
02203100,0.00010013580322265625,0.92,23,converged,4
02203010,0.00010013580322265625,0.84,21,converged,4
02203001,0.00010013580322265625,0.92,23,converged,4
02202200,0.00015020370483398438,0.84,21,converged,4
02202110,0.00030040740966796875,0.84,21,converged,5
02202101,0.00030040740966796875,0.88,22,converged,5
02202020,0.00015020370483398438,0.84,21,converged,4
02202011,0.00030040740966796875,0.88,22,converged,5
02202002,0.00015020370483398438,0.88,22,converged,4
02201300,0.00010013580322265625,0.84,21,converged,4
02201210,0.00030040740966796875,0.8,20,converged,5
02201201,0.00030040740966796875,0.84,21,converged,5
02201120,0.00030040740966796875,0.84,21,converged,5
02201111,0.0006008148193359375,0.84,21,converged,6
02201102,0.00030040740966796875,0.88,22,converged,5
02201030,0.00010013580322265625,0.88,22,converged,4
02201021,0.00030040740966796875,0.84,21,converged,5
02201012,0.00030040740966796875,0.84,21,converged,5
02201003,0.00010013580322265625,0.84,21,converged,4
02200400,2.5033950805664062e-05,0.88,22,converged,3
02200310,0.00010013580322265625,0.88,22,converged,4
02200301,0.00010013580322265625,0.84,21,converged,4
02200220,0.00015020370483398438,0.72,18,converged,4
02200211,0.00030040740966796875,0.96,24,capped,5
02200202,0.00015020370483398438,0.76,19,converged,4
02200130,0.00010013580322265625,0.76,19,converged,4
02200121,0.00030040740966796875,0.8,20,converged,5
02200112,0.00030040740966796875,0.8,20,converged,5
02200103,0.00010013580322265625,0.8,20,converged,4
02200040,2.5033950805664062e-05,0.84,21,cycled,3
02200031,0.00010013580322265625,0.84,21,converged,4
02200022,0.00015020370483398438,0.84,21,converged,4
02200013,0.00010013580322265625,0.8,20,converged,4
02200004,2.5033950805664062e-05,0.88,22,capped,3
02150000,1.0013580322265625e-05,0.72,18,converged,3
02141000,5.0067901611328125e-05,0.84,21,converged,4
02140100,5.0067901611328125e-05,0.96,24,converged,4
02140010,5.0067901611328125e-05,0.84,21,converged,4
02140001,5.0067901611328125e-05,0.72,18,converged,4
02132000,0.00010013580322265625,0.92,23,converged,4
02131100,0.0002002716064453125,0.92,23,converged,5
02131010,0.0002002716064453125,0.88,22,converged,5
02131001,0.0002002716064453125,0.76,19,capped,5
02130200,0.00010013580322265625,0.8,20,converged,4
02130110,0.0002002716064453125,0.88,22,converged,5
02130101,0.0002002716064453125,0.96,24,converged,5
02130020,0.00010013580322265625,0.84,21,converged,4
02130011,0.0002002716064453125,0.8,20,converged,5
02130002,0.00010013580322265625,0.88,22,converged,4
02123000,0.00010013580322265625,0.96,24,converged,4
02122100,0.00030040740966796875,0.88,22,converged,5
02122010,0.00030040740966796875,0.8,20,capped,5
02122001,0.00030040740966796875,0.96,24,converged,5
02121200,0.00030040740966796875,0.84,21,converged,5
02121110,0.0006008148193359375,0.84,21,capped,6
02121101,0.0006008148193359375,0.84,21,converged,6
02121020,0.00030040740966796875,0.96,24,converged,5
02121011,0.0006008148193359375,0.88,22,converged,6
02121002,0.00030040740966796875,0.92,23,converged,5
02120300,0.00010013580322265625,0.88,22,converged,4
02120210,0.00030040740966796875,0.8,20,converged,5
02120201,0.00030040740966796875,0.84,21,converged,5
02120120,0.00030040740966796875,0.84,21,converged,5
02120111,0.0006008148193359375,0.92,23,converged,6
02120102,0.00030040740966796875,0.84,21,converged,5
02120030,0.00010013580322265625,0.96,24,converged,4
02120021,0.00030040740966796875,1.0,25,converged,5
02120012,0.00030040740966796875,0.92,23,converged,5
02120003,0.00010013580322265625,0.88,22,converged,4
02114000,5.0067901611328125e-05,0.88,22,converged,4
02113100,0.0002002716064453125,0.88,22,converged,5
02113010,0.0002002716064453125,0.84,21,converged,5
02113001,0.0002002716064453125,0.88,22,converged,5
02112200,0.00030040740966796875,0.88,22,converged,5
02112110,0.0006008148193359375,0.84,21,converged,6
02112101,0.0006008148193359375,0.84,21,converged,6
02112020,0.00030040740966796875,0.92,23,converged,5
02112011,0.0006008148193359375,0.92,23,converged,6
02112002,0.00030040740966796875,0.84,21,converged,5
02111300,0.0002002716064453125,0.92,23,converged,5
02111210,0.0006008148193359375,0.76,19,converged,6
02111201,0.0006008148193359375,0.84,21,converged,6
02111120,0.0006008148193359375,0.84,21,converged,6
02111111,0.001201629638671875,0.8,20,converged,7
02111102,0.0006008148193359375,0.8,20,converged,6
02111030,0.0002002716064453125,0.84,21,converged,5
02111021,0.0006008148193359375,0.84,21,converged,6
02111012,0.0006008148193359375,0.88,22,converged,6
02111003,0.0002002716064453125,0.84,21,converged,5
02110400,5.0067901611328125e-05,0.92,23,converged,4
02110310,0.0002002716064453125,0.96,24,converged,5
02110301,0.0002002716064453125,0.88,22,converged,5
02110220,0.00030040740966796875,0.76,19,converged,5
02110211,0.0006008148193359375,0.76,19,converged,6
02110202,0.00030040740966796875,0.76,19,converged,5
02110130,0.0002002716064453125,0.72,18,converged,5
02110121,0.0006008148193359375,0.8,20,converged,6
02110112,0.0006008148193359375,0.88,22,converged,6
02110103,0.0002002716064453125,0.8,20,converged,5
02110040,5.0067901611328125e-05,0.68,17,converged,4
02110031,0.0002002716064453125,0.76,19,converged,5
02110022,0.00030040740966796875,0.8,20,converged,5
02110013,0.0002002716064453125,0.84,21,converged,5
02110004,5.0067901611328125e-05,0.84,21,converged,4
02105000,1.0013580322265625e-05,0.92,23,converged,3
02104100,5.0067901611328125e-05,0.8,20,converged,4
02104010,5.0067901611328125e-05,0.92,23,converged,4
02104001,5.0067901611328125e-05,0.92,23,converged,4
02103200,0.00010013580322265625,0.84,21,converged,4
02103110,0.0002002716064453125,0.8,20,converged,5
02103101,0.0002002716064453125,0.8,20,converged,5
02103020,0.00010013580322265625,0.92,23,converged,4
02103011,0.0002002716064453125,0.92,23,converged,5
02103002,0.00010013580322265625,0.84,21,converged,4
02102300,0.00010013580322265625,0.88,22,cycled,4
02102210,0.00030040740966796875,0.84,21,cycled,5
02102201,0.00030040740966796875,0.76,19,capped,5
02102120,0.00030040740966796875,0.92,23,converged,5
02102111,0.0006008148193359375,0.8,20,converged,6
02102102,0.00030040740966796875,0.8,20,converged,5
02102030,0.00010013580322265625,0.88,22,converged,4
02102021,0.00030040740966796875,0.84,21,converged,5
02102012,0.00030040740966796875,0.84,21,converged,5
02102003,0.00010013580322265625,0.84,21,converged,4
02101400,5.0067901611328125e-05,0.96,24,converged,4
02101310,0.0002002716064453125,0.92,23,converged,5
02101301,0.0002002716064453125,0.84,21,cycled,5
02101220,0.00030040740966796875,0.96,24,cycled,5
02101211,0.0006008148193359375,0.8,20,cycled,6
02101202,0.00030040740966796875,0.76,19,capped,5
02101130,0.0002002716064453125,0.8,20,converged,5
02101121,0.0006008148193359375,0.88,22,converged,6
02101112,0.0006008148193359375,0.88,22,converged,6
02101103,0.0002002716064453125,0.92,23,converged,5
02101040,5.0067901611328125e-05,0.88,22,converged,4
02101031,0.0002002716064453125,0.84,21,converged,5
02101022,0.00030040740966796875,0.84,21,converged,5
02101013,0.0002002716064453125,0.84,21,converged,5
02101004,5.0067901611328125e-05,0.92,23,converged,4
02100500,1.0013580322265625e-05,0.96,24,converged,3
02100410,5.0067901611328125e-05,1.0,25,cycled,4
02100401,5.0067901611328125e-05,0.96,24,converged,4
02100320,0.00010013580322265625,0.92,23,converged,4
02100311,0.0002002716064453125,0.92,23,converged,5
02100302,0.00010013580322265625,0.8,20,converged,4
02100230,0.00010013580322265625,0.92,23,converged,4
02100221,0.00030040740966796875,0.88,22,converged,5
02100212,0.00030040740966796875,0.84,21,converged,5
02100203,0.00010013580322265625,0.72,18,cycled,4
02100140,5.0067901611328125e-05,0.8,20,converged,4
02100131,0.0002002716064453125,0.96,24,converged,5
02100122,0.00030040740966796875,0.88,22,converged,5
02100113,0.0002002716064453125,0.88,22,converged,5
02100104,5.0067901611328125e-05,0.8,20,converged,4
02100050,1.0013580322265625e-05,0.76,19,converged,3
02100041,5.0067901611328125e-05,0.84,21,converged,4
02100032,0.00010013580322265625,0.88,22,converged,4
02100023,0.00010013580322265625,0.84,21,converged,4
02100014,5.0067901611328125e-05,0.84,21,converged,4
02100005,1.0013580322265625e-05,0.76,19,cycled,3
02060000,1.6689300537109375e-06,0.68,17,converged,2
02051000,1.0013580322265625e-05,0.72,18,converged,3
02050100,1.0013580322265625e-05,0.96,24,converged,3
02050010,1.0013580322265625e-05,0.72,18,converged,3
02050001,1.0013580322265625e-05,0.68,17,converged,3
02042000,2.5033950805664062e-05,0.84,21,converged,3
02041100,5.0067901611328125e-05,0.84,21,converged,4
02041010,5.0067901611328125e-05,0.8,20,converged,4
02041001,5.0067901611328125e-05,0.68,17,converged,4
02040200,2.5033950805664062e-05,1.0,25,converged,3
02040110,5.0067901611328125e-05,0.84,21,converged,4
02040101,5.0067901611328125e-05,0.84,21,converged,4
02040020,2.5033950805664062e-05,0.84,21,converged,3
02040011,5.0067901611328125e-05,0.8,20,converged,4
02040002,2.5033950805664062e-05,0.68,17,capped,3
02033000,3.337860107421875e-05,0.92,23,converged,3
02032100,0.00010013580322265625,0.92,23,cycled,4
02032010,0.00010013580322265625,0.84,21,converged,4
02032001,0.00010013580322265625,0.76,19,capped,4
02031200,0.00010013580322265625,1.0,25,converged,4
02031110,0.0002002716064453125,0.84,21,converged,5
02031101,0.0002002716064453125,0.96,24,converged,5
02031020,0.00010013580322265625,0.84,21,converged,4
02031011,0.0002002716064453125,0.84,21,converged,5
02031002,0.00010013580322265625,0.84,21,converged,4
02030300,3.337860107421875e-05,0.92,23,converged,3
02030210,0.00010013580322265625,0.88,22,converged,4
02030201,0.00010013580322265625,0.92,23,converged,4
02030120,0.00010013580322265625,0.84,21,converged,4
02030111,0.0002002716064453125,0.8,20,capped,5
02030102,0.00010013580322265625,0.92,23,converged,4
02030030,3.337860107421875e-05,0.84,21,converged,3
02030021,0.00010013580322265625,0.8,20,converged,4
02030012,0.00010013580322265625,0.8,20,capped,4
02030003,3.337860107421875e-05,0.92,23,converged,3
02024000,2.5033950805664062e-05,0.96,24,converged,3
02023100,0.00010013580322265625,0.84,21,converged,4
02023010,0.00010013580322265625,0.96,24,converged,4
02023001,0.00010013580322265625,0.96,24,converged,4
02022200,0.00015020370483398438,0.84,21,converged,4
02022110,0.00030040740966796875,1.0,25,converged,5
02022101,0.00030040740966796875,0.96,24,converged,5
02022020,0.00015020370483398438,0.96,24,converged,4
02022011,0.00030040740966796875,0.96,24,converged,5
02022002,0.00015020370483398438,0.96,24,converged,4
02021300,0.00010013580322265625,0.88,22,converged,4
02021210,0.00030040740966796875,0.92,23,cycled,5
02021201,0.00030040740966796875,0.84,21,converged,5
02021120,0.00030040740966796875,0.84,21,converged,5
02021111,0.0006008148193359375,0.92,23,converged,6
02021102,0.00030040740966796875,0.92,23,converged,5
02021030,0.00010013580322265625,0.84,21,converged,4
02021021,0.00030040740966796875,0.88,22,converged,5
02021012,0.00030040740966796875,0.92,23,converged,5
02021003,0.00010013580322265625,0.92,23,converged,4
02020400,2.5033950805664062e-05,0.96,24,converged,3
02020310,0.00010013580322265625,1.0,25,converged,4
02020301,0.00010013580322265625,0.92,23,converged,4
02020220,0.00015020370483398438,0.84,21,capped,4
02020211,0.00030040740966796875,0.84,21,converged,5
02020202,0.00015020370483398438,0.8,20,converged,4
02020130,0.00010013580322265625,0.64,16,capped,4
02020121,0.00030040740966796875,0.8,20,converged,5
02020112,0.00030040740966796875,0.84,21,converged,5
02020103,0.00010013580322265625,0.88,22,converged,4
02020040,2.5033950805664062e-05,0.68,17,converged,3
02020031,0.00010013580322265625,0.72,18,capped,4
02020022,0.00015020370483398438,0.88,22,converged,4
02020013,0.00010013580322265625,0.92,23,converged,4
02020004,2.5033950805664062e-05,0.88,22,converged,3
02015000,1.0013580322265625e-05,0.92,23,converged,3
02014100,5.0067901611328125e-05,0.8,20,converged,4
02014010,5.0067901611328125e-05,0.88,22,converged,4
02014001,5.0067901611328125e-05,0.92,23,converged,4
02013200,0.00010013580322265625,1.0,25,cycled,4
02013110,0.0002002716064453125,0.84,21,converged,5
02013101,0.0002002716064453125,0.8,20,converged,5
02013020,0.00010013580322265625,0.88,22,converged,4
02013011,0.0002002716064453125,0.88,22,converged,5
02013002,0.00010013580322265625,0.88,22,converged,4
02012300,0.00010013580322265625,0.96,24,cycled,4
02012210,0.00030040740966796875,0.76,19,converged,5
02012201,0.00030040740966796875,0.84,21,converged,5
02012120,0.00030040740966796875,0.88,22,converged,5
02012111,0.0006008148193359375,0.84,21,converged,6
02012102,0.00030040740966796875,1.0,25,converged,5
02012030,0.00010013580322265625,0.72,18,converged,4
02012021,0.00030040740966796875,0.8,20,converged,5
02012012,0.00030040740966796875,0.84,21,converged,5
02012003,0.00010013580322265625,0.88,22,converged,4
02011400,5.0067901611328125e-05,0.88,22,converged,4
02011310,0.0002002716064453125,0.84,21,cycled,5
02011301,0.0002002716064453125,0.84,21,converged,5
02011220,0.00030040740966796875,0.92,23,converged,5
02011211,0.0006008148193359375,0.8,20,converged,6
02011202,0.00030040740966796875,0.76,19,converged,5
02011130,0.0002002716064453125,0.88,22,converged,5
02011121,0.0006008148193359375,0.88,22,converged,6
02011112,0.0006008148193359375,0.88,22,converged,6
02011103,0.0002002716064453125,0.88,22,converged,5
02011040,5.0067901611328125e-05,0.84,21,converged,4
02011031,0.0002002716064453125,0.8,20,converged,5
02011022,0.00030040740966796875,0.84,21,converged,5
02011013,0.0002002716064453125,0.88,22,converged,5
02011004,5.0067901611328125e-05,0.84,21,converged,4
02010500,1.0013580322265625e-05,0.96,24,converged,3
02010410,5.0067901611328125e-05,0.84,21,converged,4
02010401,5.0067901611328125e-05,0.92,23,converged,4
02010320,0.00010013580322265625,0.92,23,converged,4
02010311,0.0002002716064453125,0.84,21,converged,5
02010302,0.00010013580322265625,0.92,23,converged,4
02010230,0.00010013580322265625,0.92,23,converged,4
02010221,0.00030040740966796875,0.96,24,converged,5
02010212,0.00030040740966796875,0.96,24,converged,5
02010203,0.00010013580322265625,0.76,19,converged,4
02010140,5.0067901611328125e-05,0.88,22,converged,4
02010131,0.0002002716064453125,0.88,22,converged,5
02010122,0.00030040740966796875,0.96,24,converged,5
02010113,0.0002002716064453125,0.96,24,converged,5
02010104,5.0067901611328125e-05,0.8,20,converged,4
02010050,1.0013580322265625e-05,0.76,19,converged,3
02010041,5.0067901611328125e-05,0.84,21,converged,4
02010032,0.00010013580322265625,0.88,22,converged,4
02010023,0.00010013580322265625,0.92,23,converged,4
02010014,5.0067901611328125e-05,0.88,22,converged,4
02010005,1.0013580322265625e-05,0.92,23,converged,3
02006000,1.6689300537109375e-06,0.92,23,converged,2
02005100,1.0013580322265625e-05,0.8,20,cycled,3
02005010,1.0013580322265625e-05,0.96,24,converged,3
02005001,1.0013580322265625e-05,0.88,22,converged,3
02004200,2.5033950805664062e-05,0.84,21,capped,3
02004110,5.0067901611328125e-05,0.84,21,converged,4
02004101,5.0067901611328125e-05,0.84,21,converged,4
02004020,2.5033950805664062e-05,0.92,23,converged,3
02004011,5.0067901611328125e-05,0.92,23,converged,4
02004002,2.5033950805664062e-05,0.84,21,converged,3
02003300,3.337860107421875e-05,0.92,23,converged,3
02003210,0.00010013580322265625,0.8,20,cycled,4
02003201,0.00010013580322265625,0.76,19,cycled,4
02003120,0.00010013580322265625,0.88,22,converged,4
02003111,0.0002002716064453125,0.8,20,converged,5
02003102,0.00010013580322265625,0.84,21,converged,4
02003030,3.337860107421875e-05,0.88,22,converged,3
02003021,0.00010013580322265625,0.84,21,converged,4
02003012,0.00010013580322265625,0.84,21,converged,4
02003003,3.337860107421875e-05,0.84,21,converged,3
02002400,2.5033950805664062e-05,1.0,25,converged,3
02002310,0.00010013580322265625,0.96,24,converged,4
02002301,0.00010013580322265625,0.96,24,converged,4
02002220,0.00015020370483398438,0.84,21,converged,4
02002211,0.00030040740966796875,0.8,20,converged,5
02002202,0.00015020370483398438,0.8,20,converged,4
02002130,0.00010013580322265625,0.8,20,converged,4
02002121,0.00030040740966796875,0.88,22,converged,5
02002112,0.00030040740966796875,0.92,23,converged,5
02002103,0.00010013580322265625,0.88,22,converged,4
02002040,2.5033950805664062e-05,0.84,21,converged,3
02002031,0.00010013580322265625,0.84,21,converged,4
02002022,0.00015020370483398438,0.84,21,converged,4
02002013,0.00010013580322265625,0.84,21,converged,4
02002004,2.5033950805664062e-05,0.84,21,converged,3
02001500,1.0013580322265625e-05,1.0,25,converged,3
02001410,5.0067901611328125e-05,1.0,25,converged,4
02001401,5.0067901611328125e-05,1.0,25,converged,4
02001320,0.00010013580322265625,0.84,21,converged,4
02001311,0.0002002716064453125,0.92,23,converged,5
02001302,0.00010013580322265625,1.0,25,converged,4
02001230,0.00010013580322265625,0.92,23,converged,4
02001221,0.00030040740966796875,0.92,23,converged,5
02001212,0.00030040740966796875,0.84,21,converged,5
02001203,0.00010013580322265625,0.84,21,converged,4
02001140,5.0067901611328125e-05,0.88,22,converged,4
02001131,0.0002002716064453125,0.92,23,converged,5
02001122,0.00030040740966796875,0.84,21,capped,5
02001113,0.0002002716064453125,0.92,23,converged,5
02001104,5.0067901611328125e-05,0.76,19,capped,4
02001050,1.0013580322265625e-05,0.76,19,converged,3
02001041,5.0067901611328125e-05,0.84,21,converged,4
02001032,0.00010013580322265625,0.92,23,converged,4
02001023,0.00010013580322265625,0.92,23,converged,4
02001014,5.0067901611328125e-05,0.84,21,converged,4
02001005,1.0013580322265625e-05,0.96,24,converged,3
02000600,1.6689300537109375e-06,0.96,24,converged,2
02000510,1.0013580322265625e-05,0.92,23,converged,3
02000501,1.0013580322265625e-05,0.96,24,converged,3
02000420,2.5033950805664062e-05,0.92,23,converged,3
02000411,5.0067901611328125e-05,1.0,25,converged,4
02000402,2.5033950805664062e-05,1.0,25,converged,3
02000330,3.337860107421875e-05,0.96,24,converged,3
02000321,0.00010013580322265625,0.92,23,converged,4
02000312,0.00010013580322265625,0.84,21,converged,4
02000303,3.337860107421875e-05,0.96,24,converged,3
02000240,2.5033950805664062e-05,0.92,23,converged,3
02000231,0.00010013580322265625,1.0,25,converged,4
02000222,0.00015020370483398438,1.0,25,converged,4
02000213,0.00010013580322265625,0.88,22,converged,4
02000204,2.5033950805664062e-05,0.76,19,converged,3
02000150,1.0013580322265625e-05,0.88,22,converged,3
02000141,5.0067901611328125e-05,0.88,22,converged,4
02000132,0.00010013580322265625,0.92,23,converged,4
02000123,0.00010013580322265625,0.92,23,converged,4
02000114,5.0067901611328125e-05,0.92,23,converged,4
02000105,1.0013580322265625e-05,0.84,21,converged,3
02000060,1.6689300537109375e-06,0.84,21,converged,2
02000051,1.0013580322265625e-05,0.8,20,converged,3
02000042,2.5033950805664062e-05,0.84,21,converged,3
02000033,3.337860107421875e-05,0.84,21,converged,3
02000024,2.5033950805664062e-05,0.88,22,converged,3
02000015,1.0013580322265625e-05,0.92,23,converged,3
02000006,1.6689300537109375e-06,0.92,23,converged,2
01700000,4.76837158203125e-07,0.88,22,converged,2
01610000,3.337860107421875e-06,0.88,22,converged,3
01601000,3.337860107421875e-06,0.96,24,converged,3
01600100,3.337860107421875e-06,0.96,24,converged,3
01600010,3.337860107421875e-06,0.96,24,converged,3
01600001,3.337860107421875e-06,1.0,25,converged,3
01520000,1.0013580322265625e-05,0.76,19,capped,3
01511000,2.002716064453125e-05,0.96,24,converged,4
01510100,2.002716064453125e-05,0.88,22,converged,4
01510010,2.002716064453125e-05,1.0,25,converged,4
01510001,2.002716064453125e-05,0.76,19,capped,4
01502000,1.0013580322265625e-05,0.92,23,converged,3
01501100,2.002716064453125e-05,0.92,23,converged,4
01501010,2.002716064453125e-05,0.84,21,converged,4
01501001,2.002716064453125e-05,0.96,24,converged,4
01500200,1.0013580322265625e-05,0.92,23,converged,3
01500110,2.002716064453125e-05,0.96,24,converged,4
01500101,2.002716064453125e-05,0.92,23,converged,4
01500020,1.0013580322265625e-05,0.88,22,converged,3
01500011,2.002716064453125e-05,0.88,22,converged,4
01500002,1.0013580322265625e-05,0.96,24,converged,3
01430000,1.6689300537109375e-05,0.84,21,capped,3
01421000,5.0067901611328125e-05,0.96,24,converged,4
01420100,5.0067901611328125e-05,0.8,20,converged,4
01420010,5.0067901611328125e-05,0.96,24,converged,4
01420001,5.0067901611328125e-05,0.68,17,capped,4
01412000,5.0067901611328125e-05,1.0,25,converged,4
01411100,0.00010013580322265625,0.84,21,converged,5
01411010,0.00010013580322265625,1.0,25,converged,5
01411001,0.00010013580322265625,0.92,23,converged,5
01410200,5.0067901611328125e-05,0.84,21,converged,4
01410110,0.00010013580322265625,0.88,22,converged,5
01410101,0.00010013580322265625,0.92,23,converged,5
01410020,5.0067901611328125e-05,0.92,23,converged,4
01410011,0.00010013580322265625,0.96,24,converged,5
01410002,5.0067901611328125e-05,1.0,25,converged,4
01403000,1.6689300537109375e-05,0.88,22,converged,3
01402100,5.0067901611328125e-05,0.88,22,converged,4
01402010,5.0067901611328125e-05,0.92,23,converged,4
01402001,5.0067901611328125e-05,0.88,22,converged,4
01401200,5.0067901611328125e-05,0.92,23,converged,4
01401110,0.00010013580322265625,0.96,24,converged,5
01401101,0.00010013580322265625,0.92,23,converged,5
01401020,5.0067901611328125e-05,0.92,23,converged,4
01401011,0.00010013580322265625,0.92,23,converged,5
01401002,5.0067901611328125e-05,0.88,22,converged,4
01400300,1.6689300537109375e-05,0.84,21,converged,3
01400210,5.0067901611328125e-05,0.88,22,converged,4
01400201,5.0067901611328125e-05,0.92,23,converged,4
01400120,5.0067901611328125e-05,0.88,22,converged,4
01400111,0.00010013580322265625,0.84,21,converged,5
01400102,5.0067901611328125e-05,0.8,20,converged,4
01400030,1.6689300537109375e-05,0.84,21,converged,3
01400021,5.0067901611328125e-05,0.84,21,converged,4
01400012,5.0067901611328125e-05,0.84,21,converged,4
01400003,1.6689300537109375e-05,0.8,20,converged,3
01340000,1.6689300537109375e-05,0.96,24,converged,3
01331000,6.67572021484375e-05,0.96,24,converged,4
01330100,6.67572021484375e-05,0.8,20,capped,4
01330010,6.67572021484375e-05,0.92,23,converged,4
01330001,6.67572021484375e-05,0.92,23,cycled,4
01322000,0.00010013580322265625,0.96,24,converged,4
01321100,0.0002002716064453125,0.8,20,converged,5
01321010,0.0002002716064453125,0.92,23,converged,5
01321001,0.0002002716064453125,0.96,24,converged,5
01320200,0.00010013580322265625,0.84,21,cycled,4
01320110,0.0002002716064453125,1.0,25,converged,5
01320101,0.0002002716064453125,0.92,23,converged,5
01320020,0.00010013580322265625,0.92,23,converged,4
01320011,0.0002002716064453125,0.92,23,converged,5
01320002,0.00010013580322265625,0.88,22,converged,4
01313000,6.67572021484375e-05,1.0,25,converged,4
01312100,0.0002002716064453125,0.92,23,converged,5
01312010,0.0002002716064453125,0.96,24,converged,5
01312001,0.0002002716064453125,1.0,25,converged,5
01311200,0.0002002716064453125,0.92,23,converged,5
01311110,0.000400543212890625,0.88,22,converged,6
01311101,0.000400543212890625,0.88,22,converged,6
01311020,0.0002002716064453125,0.84,21,converged,5
01311011,0.000400543212890625,0.96,24,converged,6
01311002,0.0002002716064453125,0.96,24,converged,5
01310300,6.67572021484375e-05,0.88,22,converged,4
01310210,0.0002002716064453125,0.84,21,converged,5
01310201,0.0002002716064453125,0.88,22,converged,5
01310120,0.0002002716064453125,0.92,23,converged,5
01310111,0.000400543212890625,0.88,22,converged,6
01310102,0.0002002716064453125,0.96,24,converged,5
01310030,6.67572021484375e-05,0.84,21,converged,4
01310021,0.0002002716064453125,0.88,22,converged,5
01310012,0.0002002716064453125,0.88,22,converged,5
01310003,6.67572021484375e-05,0.84,21,converged,4
01304000,1.6689300537109375e-05,0.84,21,converged,3
01303100,6.67572021484375e-05,0.92,23,converged,4
01303010,6.67572021484375e-05,0.92,23,converged,4
01303001,6.67572021484375e-05,0.88,22,converged,4
01302200,0.00010013580322265625,0.8,20,converged,4
01302110,0.0002002716064453125,0.88,22,converged,5
01302101,0.0002002716064453125,0.88,22,converged,5
01302020,0.00010013580322265625,0.88,22,converged,4
01302011,0.0002002716064453125,0.92,23,converged,5
01302002,0.00010013580322265625,0.84,21,converged,4
01301300,6.67572021484375e-05,0.84,21,converged,4
01301210,0.0002002716064453125,0.84,21,converged,5
01301201,0.0002002716064453125,0.84,21,converged,5
01301120,0.0002002716064453125,0.88,22,converged,5
01301111,0.000400543212890625,0.88,22,converged,6
01301102,0.0002002716064453125,0.8,20,converged,5
01301030,6.67572021484375e-05,0.84,21,converged,4
01301021,0.0002002716064453125,0.84,21,converged,5
01301012,0.0002002716064453125,0.84,21,converged,5
01301003,6.67572021484375e-05,0.84,21,converged,4
01300400,1.6689300537109375e-05,0.96,24,converged,3
01300310,6.67572021484375e-05,0.96,24,converged,4
01300301,6.67572021484375e-05,0.8,20,converged,4
01300220,0.00010013580322265625,0.8,20,converged,4
01300211,0.0002002716064453125,0.76,19,converged,5
01300202,0.00010013580322265625,0.76,19,converged,4
01300130,6.67572021484375e-05,0.76,19,converged,4
01300121,0.0002002716064453125,0.76,19,converged,5
01300112,0.0002002716064453125,0.84,21,converged,5
01300103,6.67572021484375e-05,0.84,21,converged,4
01300040,1.6689300537109375e-05,0.88,22,converged,3
01300031,6.67572021484375e-05,0.84,21,converged,4
01300022,0.00010013580322265625,0.72,18,converged,4
01300013,6.67572021484375e-05,0.84,21,converged,4
01300004,1.6689300537109375e-05,0.88,22,converged,3
01250000,1.0013580322265625e-05,1.0,25,converged,3
01241000,5.0067901611328125e-05,0.72,18,capped,4
01240100,5.0067901611328125e-05,0.88,22,converged,4
01240010,5.0067901611328125e-05,1.0,25,converged,4
01240001,5.0067901611328125e-05,1.0,25,converged,4
01232000,0.00010013580322265625,0.92,23,converged,4
01231100,0.0002002716064453125,0.88,22,converged,5
01231010,0.0002002716064453125,0.96,24,converged,5
01231001,0.0002002716064453125,0.96,24,converged,5
01230200,0.00010013580322265625,0.88,22,converged,4
01230110,0.0002002716064453125,0.92,23,converged,5
01230101,0.0002002716064453125,0.88,22,converged,5
01230020,0.00010013580322265625,0.84,21,converged,4
01230011,0.0002002716064453125,0.76,19,capped,5
01230002,0.00010013580322265625,0.92,23,converged,4
01223000,0.00010013580322265625,0.96,24,converged,4
01222100,0.00030040740966796875,0.96,24,cycled,5
01222010,0.00030040740966796875,0.92,23,converged,5
01222001,0.00030040740966796875,0.96,24,converged,5
01221200,0.00030040740966796875,0.96,24,converged,5
01221110,0.0006008148193359375,0.88,22,converged,6
01221101,0.0006008148193359375,0.84,21,converged,6
01221020,0.00030040740966796875,0.96,24,converged,5
01221011,0.0006008148193359375,0.92,23,converged,6
01221002,0.00030040740966796875,0.88,22,converged,5
01220300,0.00010013580322265625,0.88,22,converged,4
01220210,0.00030040740966796875,0.96,24,converged,5
01220201,0.00030040740966796875,0.88,22,converged,5
01220120,0.00030040740966796875,0.84,21,converged,5
01220111,0.0006008148193359375,0.84,21,converged,6
01220102,0.00030040740966796875,0.88,22,converged,5
01220030,0.00010013580322265625,0.92,23,converged,4
01220021,0.00030040740966796875,0.84,21,converged,5
01220012,0.00030040740966796875,0.92,23,converged,5
01220003,0.00010013580322265625,0.88,22,converged,4
01214000,5.0067901611328125e-05,1.0,25,converged,4
01213100,0.0002002716064453125,0.96,24,converged,5
01213010,0.0002002716064453125,0.92,23,converged,5
01213001,0.0002002716064453125,0.76,19,capped,5
01212200,0.00030040740966796875,0.96,24,converged,5
01212110,0.0006008148193359375,0.84,21,converged,6
01212101,0.0006008148193359375,0.92,23,converged,6
01212020,0.00030040740966796875,0.84,21,converged,5
01212011,0.0006008148193359375,0.88,22,converged,6
01212002,0.00030040740966796875,0.88,22,converged,5
01211300,0.0002002716064453125,0.88,22,converged,5
01211210,0.0006008148193359375,0.8,20,converged,6
01211201,0.0006008148193359375,0.92,23,converged,6
01211120,0.0006008148193359375,0.84,21,converged,6
01211111,0.001201629638671875,0.88,22,converged,7
01211102,0.0006008148193359375,0.8,20,converged,6
01211030,0.0002002716064453125,0.88,22,converged,5
01211021,0.0006008148193359375,0.8,20,converged,6
01211012,0.0006008148193359375,0.84,21,converged,6
01211003,0.0002002716064453125,0.8,20,converged,5
01210400,5.0067901611328125e-05,0.92,23,converged,4
01210310,0.0002002716064453125,0.96,24,converged,5
01210301,0.0002002716064453125,0.88,22,converged,5
01210220,0.00030040740966796875,0.76,19,converged,5
01210211,0.0006008148193359375,0.84,21,converged,6
01210202,0.00030040740966796875,0.8,20,converged,5
01210130,0.0002002716064453125,0.84,21,converged,5
01210121,0.0006008148193359375,0.8,20,converged,6
01210112,0.0006008148193359375,0.88,22,converged,6
01210103,0.0002002716064453125,0.92,23,converged,5
01210040,5.0067901611328125e-05,0.72,18,converged,4
01210031,0.0002002716064453125,0.84,21,converged,5
01210022,0.00030040740966796875,0.84,21,converged,5
01210013,0.0002002716064453125,0.84,21,converged,5
01210004,5.0067901611328125e-05,0.84,21,converged,4
01205000,1.0013580322265625e-05,1.0,25,converged,3
01204100,5.0067901611328125e-05,0.84,21,converged,4
01204010,5.0067901611328125e-05,0.92,23,converged,4
01204001,5.0067901611328125e-05,0.92,23,converged,4
01203200,0.00010013580322265625,0.8,20,converged,4
01203110,0.0002002716064453125,0.84,21,converged,5
01203101,0.0002002716064453125,0.84,21,converged,5
01203020,0.00010013580322265625,0.88,22,converged,4
01203011,0.0002002716064453125,0.88,22,converged,5
01203002,0.00010013580322265625,0.92,23,converged,4
01202300,0.00010013580322265625,0.88,22,converged,4
01202210,0.00030040740966796875,0.84,21,converged,5
01202201,0.00030040740966796875,0.88,22,converged,5
01202120,0.00030040740966796875,0.76,19,capped,5
01202111,0.0006008148193359375,0.76,19,converged,6
01202102,0.00030040740966796875,0.84,21,converged,5
01202030,0.00010013580322265625,0.88,22,converged,4
01202021,0.00030040740966796875,0.84,21,converged,5
01202012,0.00030040740966796875,0.84,21,converged,5
01202003,0.00010013580322265625,0.84,21,converged,4
01201400,5.0067901611328125e-05,0.92,23,converged,4
01201310,0.0002002716064453125,0.84,21,converged,5
01201301,0.0002002716064453125,0.8,20,converged,5
01201220,0.00030040740966796875,0.92,23,converged,5
01201211,0.0006008148193359375,0.96,24,converged,6
01201202,0.00030040740966796875,0.76,19,converged,5
01201130,0.0002002716064453125,0.96,24,converged,5
01201121,0.0006008148193359375,0.92,23,converged,6
01201112,0.0006008148193359375,0.72,18,converged,6
01201103,0.0002002716064453125,0.84,21,converged,5
01201040,5.0067901611328125e-05,0.88,22,cycled,4
01201031,0.0002002716064453125,0.84,21,converged,5
01201022,0.00030040740966796875,0.84,21,converged,5
01201013,0.0002002716064453125,0.92,23,capped,5
01201004,5.0067901611328125e-05,0.8,20,converged,4
01200500,1.0013580322265625e-05,0.88,22,converged,3
01200410,5.0067901611328125e-05,0.96,24,converged,4
01200401,5.0067901611328125e-05,0.92,23,cycled,4
01200320,0.00010013580322265625,0.96,24,converged,4
01200311,0.0002002716064453125,0.84,21,converged,5
01200302,0.00010013580322265625,0.8,20,converged,4
01200230,0.00010013580322265625,0.96,24,converged,4
01200221,0.00030040740966796875,0.96,24,converged,5
01200212,0.00030040740966796875,0.8,20,cycled,5
01200203,0.00010013580322265625,0.8,20,cycled,4
01200140,5.0067901611328125e-05,0.92,23,capped,4
01200131,0.0002002716064453125,0.84,21,cycled,5
01200122,0.00030040740966796875,0.96,24,capped,5
01200113,0.0002002716064453125,0.88,22,converged,5
01200104,5.0067901611328125e-05,0.8,20,capped,4
01200050,1.0013580322265625e-05,0.8,20,converged,3
01200041,5.0067901611328125e-05,0.84,21,converged,4
01200032,0.00010013580322265625,0.84,21,converged,4
01200023,0.00010013580322265625,0.88,22,converged,4
01200014,5.0067901611328125e-05,0.88,22,converged,4
01200005,1.0013580322265625e-05,0.96,24,cycled,3
01160000,3.337860107421875e-06,0.84,21,converged,3
01151000,2.002716064453125e-05,1.0,25,converged,4
01150100,2.002716064453125e-05,0.8,20,converged,4
01150010,2.002716064453125e-05,0.72,18,converged,4
01150001,2.002716064453125e-05,0.64,16,converged,4
01142000,5.0067901611328125e-05,0.76,19,capped,4
01141100,0.00010013580322265625,0.88,22,converged,5
01141010,0.00010013580322265625,0.8,20,converged,5
01141001,0.00010013580322265625,0.68,17,converged,5
01140200,5.0067901611328125e-05,0.8,20,converged,4
01140110,0.00010013580322265625,0.88,22,converged,5
01140101,0.00010013580322265625,0.88,22,converged,5
01140020,5.0067901611328125e-05,0.84,21,converged,4
01140011,0.00010013580322265625,0.68,17,capped,5
01140002,5.0067901611328125e-05,0.68,17,capped,4
01133000,6.67572021484375e-05,0.92,23,converged,4
01132100,0.0002002716064453125,0.88,22,converged,5
01132010,0.0002002716064453125,0.96,24,converged,5
01132001,0.0002002716064453125,0.88,22,capped,5
01131200,0.0002002716064453125,0.84,21,converged,5
01131110,0.000400543212890625,0.84,21,converged,6
01131101,0.000400543212890625,0.84,21,converged,6
01131020,0.0002002716064453125,0.84,21,converged,5
01131011,0.000400543212890625,1.0,25,converged,6
01131002,0.0002002716064453125,0.92,23,converged,5
01130300,6.67572021484375e-05,0.92,23,converged,4
01130210,0.0002002716064453125,0.8,20,converged,5
01130201,0.0002002716064453125,0.84,21,converged,5
01130120,0.0002002716064453125,0.92,23,converged,5
01130111,0.000400543212890625,0.96,24,converged,6
01130102,0.0002002716064453125,0.84,21,converged,5
01130030,6.67572021484375e-05,0.84,21,converged,4
01130021,0.0002002716064453125,0.84,21,converged,5
01130012,0.0002002716064453125,0.8,20,capped,5
01130003,6.67572021484375e-05,0.92,23,converged,4
01124000,5.0067901611328125e-05,0.92,23,converged,4
01123100,0.0002002716064453125,0.88,22,converged,5
01123010,0.0002002716064453125,0.88,22,converged,5
01123001,0.0002002716064453125,0.92,23,converged,5
01122200,0.00030040740966796875,1.0,25,converged,5
01122110,0.0006008148193359375,0.8,20,converged,6
01122101,0.0006008148193359375,0.84,21,converged,6
01122020,0.00030040740966796875,0.96,24,converged,5
01122011,0.0006008148193359375,0.96,24,converged,6
01122002,0.00030040740966796875,0.88,22,converged,5
01121300,0.0002002716064453125,1.0,25,converged,5
01121210,0.0006008148193359375,0.8,20,cycled,6
01121201,0.0006008148193359375,0.92,23,converged,6
01121120,0.0006008148193359375,1.0,25,converged,6
01121111,0.001201629638671875,0.8,20,converged,7
01121102,0.0006008148193359375,0.8,20,converged,6
01121030,0.0002002716064453125,0.88,22,converged,5
01121021,0.0006008148193359375,0.84,21,converged,6
01121012,0.0006008148193359375,0.92,23,converged,6
01121003,0.0002002716064453125,0.88,22,converged,5
01120400,5.0067901611328125e-05,0.96,24,converged,4
01120310,0.0002002716064453125,0.8,20,converged,5
01120301,0.0002002716064453125,1.0,25,capped,5
01120220,0.00030040740966796875,0.76,19,converged,5
01120211,0.0006008148193359375,0.8,20,converged,6
01120202,0.00030040740966796875,0.84,21,converged,5
01120130,0.0002002716064453125,0.8,20,converged,5
01120121,0.0006008148193359375,0.8,20,converged,6
01120112,0.0006008148193359375,0.8,20,converged,6
01120103,0.0002002716064453125,0.8,20,converged,5
01120040,5.0067901611328125e-05,0.76,19,converged,4
01120031,0.0002002716064453125,0.8,20,converged,5
01120022,0.00030040740966796875,0.88,22,converged,5
01120013,0.0002002716064453125,0.92,23,converged,5
01120004,5.0067901611328125e-05,0.88,22,converged,4
01115000,2.002716064453125e-05,0.92,23,converged,4
01114100,0.00010013580322265625,0.84,21,converged,5
01114010,0.00010013580322265625,0.84,21,converged,5
01114001,0.00010013580322265625,0.88,22,converged,5
01113200,0.0002002716064453125,0.8,20,converged,5
01113110,0.000400543212890625,0.8,20,converged,6
01113101,0.000400543212890625,0.84,21,converged,6
01113020,0.0002002716064453125,0.88,22,converged,5
01113011,0.000400543212890625,0.84,21,converged,6
01113002,0.0002002716064453125,0.84,21,converged,5
01112300,0.0002002716064453125,0.88,22,converged,5
01112210,0.0006008148193359375,0.88,22,converged,6
01112201,0.0006008148193359375,0.88,22,converged,6
01112120,0.0006008148193359375,0.8,20,converged,6
01112111,0.001201629638671875,0.8,20,converged,7
01112102,0.0006008148193359375,0.88,22,converged,6
01112030,0.0002002716064453125,0.8,20,converged,5
01112021,0.0006008148193359375,0.84,21,converged,6
01112012,0.0006008148193359375,0.8,20,converged,6
01112003,0.0002002716064453125,0.84,21,converged,5
01111400,0.00010013580322265625,0.96,24,converged,5
01111310,0.000400543212890625,0.84,21,converged,6
01111301,0.000400543212890625,0.88,22,converged,6
01111220,0.0006008148193359375,0.8,20,converged,6
01111211,0.001201629638671875,0.8,20,converged,7
01111202,0.0006008148193359375,0.84,21,converged,6
01111130,0.000400543212890625,0.92,23,converged,6
01111121,0.001201629638671875,0.84,21,converged,7
01111112,0.001201629638671875,0.76,19,converged,7
01111103,0.000400543212890625,0.92,23,converged,6
01111040,0.00010013580322265625,0.72,18,converged,5
01111031,0.000400543212890625,0.84,21,converged,6
01111022,0.0006008148193359375,0.88,22,converged,6
01111013,0.000400543212890625,0.84,21,converged,6
01111004,0.00010013580322265625,0.84,21,converged,5
01110500,2.002716064453125e-05,0.84,21,converged,4
01110410,0.00010013580322265625,0.92,23,converged,5
01110401,0.00010013580322265625,0.88,22,converged,5
01110320,0.0002002716064453125,0.84,21,converged,5
01110311,0.000400543212890625,0.96,24,converged,6
01110302,0.0002002716064453125,0.84,21,converged,5
01110230,0.0002002716064453125,0.84,21,converged,5
01110221,0.0006008148193359375,0.84,21,capped,6
01110212,0.0006008148193359375,0.76,19,converged,6
01110203,0.0002002716064453125,0.76,19,converged,5
01110140,0.00010013580322265625,0.92,23,converged,5
01110131,0.000400543212890625,0.92,23,converged,6
01110122,0.0006008148193359375,0.92,23,converged,6
01110113,0.000400543212890625,0.84,21,converged,6
01110104,0.00010013580322265625,0.92,23,converged,5
01110050,2.002716064453125e-05,0.8,20,converged,4
01110041,0.00010013580322265625,0.8,20,converged,5
01110032,0.0002002716064453125,0.84,21,converged,5
01110023,0.0002002716064453125,0.88,22,converged,5
01110014,0.00010013580322265625,0.96,24,converged,5
01110005,2.002716064453125e-05,0.88,22,converged,4
01106000,3.337860107421875e-06,0.84,21,capped,3
01105100,2.002716064453125e-05,0.84,21,converged,4
01105010,2.002716064453125e-05,0.84,21,converged,4
01105001,2.002716064453125e-05,0.84,21,converged,4
01104200,5.0067901611328125e-05,0.92,23,converged,4
01104110,0.00010013580322265625,0.8,20,converged,5
01104101,0.00010013580322265625,0.88,22,converged,5
01104020,5.0067901611328125e-05,0.88,22,converged,4
01104011,0.00010013580322265625,0.84,21,converged,5
01104002,5.0067901611328125e-05,0.76,19,converged,4
01103300,6.67572021484375e-05,0.96,24,converged,4
01103210,0.0002002716064453125,0.96,24,converged,5
01103201,0.0002002716064453125,0.96,24,converged,5
01103120,0.0002002716064453125,0.92,23,capped,5
01103111,0.000400543212890625,0.76,19,converged,6
01103102,0.0002002716064453125,0.84,21,converged,5
01103030,6.67572021484375e-05,0.88,22,converged,4
01103021,0.0002002716064453125,0.84,21,converged,5
01103012,0.0002002716064453125,0.84,21,converged,5
01103003,6.67572021484375e-05,0.96,24,converged,4
01102400,5.0067901611328125e-05,0.96,24,converged,4
01102310,0.0002002716064453125,1.0,25,converged,5
01102301,0.0002002716064453125,0.88,22,converged,5
01102220,0.00030040740966796875,0.96,24,converged,5
01102211,0.0006008148193359375,0.96,24,converged,6
01102202,0.00030040740966796875,0.84,21,cycled,5
01102130,0.0002002716064453125,0.92,23,converged,5
01102121,0.0006008148193359375,0.88,22,converged,6
01102112,0.0006008148193359375,0.84,21,converged,6
01102103,0.0002002716064453125,0.84,21,converged,5
01102040,5.0067901611328125e-05,0.8,20,cycled,4
01102031,0.0002002716064453125,0.84,21,converged,5
01102022,0.00030040740966796875,0.84,21,converged,5
01102013,0.0002002716064453125,0.84,21,converged,5
01102004,5.0067901611328125e-05,0.92,23,converged,4
01101500,2.002716064453125e-05,0.96,24,converged,4
01101410,0.00010013580322265625,0.96,24,converged,5
01101401,0.00010013580322265625,1.0,25,converged,5
01101320,0.0002002716064453125,0.92,23,converged,5
01101311,0.000400543212890625,1.0,25,converged,6
01101302,0.0002002716064453125,0.84,21,converged,5
01101230,0.0002002716064453125,0.96,24,converged,5
01101221,0.0006008148193359375,0.96,24,converged,6
01101212,0.0006008148193359375,1.0,25,converged,6
01101203,0.0002002716064453125,0.84,21,cycled,5
01101140,0.00010013580322265625,0.92,23,converged,5
01101131,0.000400543212890625,0.96,24,converged,6
01101122,0.0006008148193359375,0.92,23,converged,6
01101113,0.000400543212890625,0.88,22,capped,6
01101104,0.00010013580322265625,0.76,19,converged,5
01101050,2.002716064453125e-05,0.8,20,converged,4
01101041,0.00010013580322265625,0.84,21,converged,5
01101032,0.0002002716064453125,0.84,21,converged,5
01101023,0.0002002716064453125,0.88,22,converged,5
01101014,0.00010013580322265625,0.88,22,converged,5
01101005,2.002716064453125e-05,0.84,21,capped,4
01100600,3.337860107421875e-06,0.92,23,converged,3
01100510,2.002716064453125e-05,1.0,25,converged,4
01100501,2.002716064453125e-05,0.92,23,converged,4
01100420,5.0067901611328125e-05,1.0,25,converged,4
01100411,0.00010013580322265625,0.96,24,converged,5
01100402,5.0067901611328125e-05,0.96,24,converged,4
01100330,6.67572021484375e-05,0.96,24,converged,4
01100321,0.0002002716064453125,0.88,22,converged,5
01100312,0.0002002716064453125,0.88,22,converged,5
01100303,6.67572021484375e-05,0.88,22,converged,4
01100240,5.0067901611328125e-05,0.92,23,converged,4
01100231,0.0002002716064453125,0.92,23,converged,5
01100222,0.00030040740966796875,0.92,23,converged,5
01100213,0.0002002716064453125,0.8,20,converged,5
01100204,5.0067901611328125e-05,0.76,19,converged,4
01100150,2.002716064453125e-05,0.88,22,converged,4
01100141,0.00010013580322265625,0.96,24,converged,5
01100132,0.0002002716064453125,0.96,24,converged,5
01100123,0.0002002716064453125,0.84,21,converged,5
01100114,0.00010013580322265625,0.84,21,converged,5
01100105,2.002716064453125e-05,0.88,22,converged,4
01100060,3.337860107421875e-06,0.8,20,converged,3
01100051,2.002716064453125e-05,0.8,20,converged,4
01100042,5.0067901611328125e-05,0.84,21,converged,4
01100033,6.67572021484375e-05,0.84,21,capped,4
01100024,5.0067901611328125e-05,0.84,21,converged,4
01100015,2.002716064453125e-05,0.84,21,capped,4
01100006,3.337860107421875e-06,0.84,21,capped,3
01070000,4.76837158203125e-07,0.72,18,converged,2
01061000,3.337860107421875e-06,0.72,18,converged,3
01060100,3.337860107421875e-06,0.88,22,converged,3
01060010,3.337860107421875e-06,0.76,19,converged,3
01060001,3.337860107421875e-06,0.72,18,converged,3
01052000,1.0013580322265625e-05,0.72,18,converged,3
01051100,2.002716064453125e-05,0.92,23,converged,4
01051010,2.002716064453125e-05,0.72,18,converged,4
01051001,2.002716064453125e-05,0.68,17,converged,4
01050200,1.0013580322265625e-05,0.96,24,converged,3
01050110,2.002716064453125e-05,0.88,22,converged,4
01050101,2.002716064453125e-05,0.96,24,converged,4
01050020,1.0013580322265625e-05,0.84,21,converged,3
01050011,2.002716064453125e-05,0.68,17,converged,4
01050002,1.0013580322265625e-05,0.64,16,converged,3
01043000,1.6689300537109375e-05,1.0,25,converged,3
01042100,5.0067901611328125e-05,0.88,22,converged,4
01042010,5.0067901611328125e-05,0.8,20,converged,4
01042001,5.0067901611328125e-05,0.72,18,capped,4
01041200,5.0067901611328125e-05,0.8,20,converged,4
01041110,0.00010013580322265625,0.96,24,converged,5
01041101,0.00010013580322265625,1.0,25,converged,5
01041020,5.0067901611328125e-05,0.8,20,converged,4
01041011,0.00010013580322265625,0.72,18,converged,5
01041002,5.0067901611328125e-05,0.68,17,capped,4
01040300,1.6689300537109375e-05,0.88,22,converged,3
01040210,5.0067901611328125e-05,0.92,23,converged,4
01040201,5.0067901611328125e-05,0.76,19,cycled,4
01040120,5.0067901611328125e-05,0.96,24,cycled,4
01040111,0.00010013580322265625,0.84,21,converged,5
01040102,5.0067901611328125e-05,1.0,25,converged,4
01040030,1.6689300537109375e-05,0.92,23,converged,3
01040021,5.0067901611328125e-05,0.84,21,converged,4
01040012,5.0067901611328125e-05,0.76,19,converged,4
01040003,1.6689300537109375e-05,0.96,24,converged,3
01034000,1.6689300537109375e-05,0.96,24,converged,3
01033100,6.67572021484375e-05,0.84,21,converged,4
01033010,6.67572021484375e-05,0.8,20,capped,4
01033001,6.67572021484375e-05,0.92,23,converged,4
01032200,0.00010013580322265625,0.84,21,converged,4
01032110,0.0002002716064453125,0.96,24,converged,5
01032101,0.0002002716064453125,0.8,20,converged,5
01032020,0.00010013580322265625,0.76,19,capped,4
01032011,0.0002002716064453125,0.84,21,converged,5
01032002,0.00010013580322265625,0.96,24,converged,4
01031300,6.67572021484375e-05,0.96,24,converged,4
01031210,0.0002002716064453125,0.88,22,converged,5
01031201,0.0002002716064453125,0.84,21,converged,5
01031120,0.0002002716064453125,0.88,22,converged,5
01031111,0.000400543212890625,0.96,24,converged,6
01031102,0.0002002716064453125,0.92,23,converged,5
01031030,6.67572021484375e-05,0.92,23,converged,4
01031021,0.0002002716064453125,0.96,24,converged,5
01031012,0.0002002716064453125,0.96,24,converged,5
01031003,6.67572021484375e-05,0.92,23,converged,4
01030400,1.6689300537109375e-05,1.0,25,converged,3
01030310,6.67572021484375e-05,0.96,24,converged,4
01030301,6.67572021484375e-05,0.92,23,converged,4
01030220,0.00010013580322265625,0.88,22,converged,4
01030211,0.0002002716064453125,0.84,21,converged,5
01030202,0.00010013580322265625,0.8,20,cycled,4
01030130,6.67572021484375e-05,0.96,24,converged,4
01030121,0.0002002716064453125,0.84,21,converged,5
01030112,0.0002002716064453125,0.92,23,converged,5
01030103,6.67572021484375e-05,0.88,22,capped,4
01030040,1.6689300537109375e-05,0.84,21,converged,3
01030031,6.67572021484375e-05,0.84,21,converged,4
01030022,0.00010013580322265625,0.88,22,converged,4
01030013,6.67572021484375e-05,0.88,22,converged,4
01030004,1.6689300537109375e-05,1.0,25,capped,3
01025000,1.0013580322265625e-05,0.92,23,converged,3
01024100,5.0067901611328125e-05,0.84,21,converged,4
01024010,5.0067901611328125e-05,0.92,23,converged,4
01024001,5.0067901611328125e-05,0.92,23,converged,4
01023200,0.00010013580322265625,0.88,22,converged,4
01023110,0.0002002716064453125,0.76,19,converged,5
01023101,0.0002002716064453125,0.76,19,converged,5
01023020,0.00010013580322265625,0.88,22,converged,4
01023011,0.0002002716064453125,0.88,22,converged,5
01023002,0.00010013580322265625,0.84,21,converged,4
01022300,0.00010013580322265625,0.92,23,converged,4
01022210,0.00030040740966796875,0.8,20,converged,5
01022201,0.00030040740966796875,0.84,21,converged,5
01022120,0.00030040740966796875,0.8,20,converged,5
01022111,0.0006008148193359375,0.76,19,converged,6
01022102,0.00030040740966796875,0.76,19,converged,5
01022030,0.00010013580322265625,0.8,20,converged,4
01022021,0.00030040740966796875,0.84,21,converged,5
01022012,0.00030040740966796875,0.88,22,converged,5
01022003,0.00010013580322265625,0.88,22,converged,4
01021400,5.0067901611328125e-05,1.0,25,converged,4
01021310,0.0002002716064453125,0.92,23,converged,5
01021301,0.0002002716064453125,0.96,24,converged,5
01021220,0.00030040740966796875,0.92,23,capped,5
01021211,0.0006008148193359375,0.8,20,converged,6
01021202,0.00030040740966796875,0.84,21,converged,5
01021130,0.0002002716064453125,0.84,21,capped,5
01021121,0.0006008148193359375,0.88,22,converged,6
01021112,0.0006008148193359375,0.84,21,converged,6
01021103,0.0002002716064453125,0.8,20,converged,5
01021040,5.0067901611328125e-05,0.72,18,converged,4
01021031,0.0002002716064453125,0.72,18,converged,5
01021022,0.00030040740966796875,0.84,21,converged,5
01021013,0.0002002716064453125,0.96,24,converged,5
01021004,5.0067901611328125e-05,0.84,21,converged,4
01020500,1.0013580322265625e-05,0.84,21,converged,3
01020410,5.0067901611328125e-05,0.84,21,converged,4
01020401,5.0067901611328125e-05,0.92,23,converged,4
01020320,0.00010013580322265625,0.88,22,converged,4
01020311,0.0002002716064453125,0.8,20,converged,5
01020302,0.00010013580322265625,0.8,20,converged,4
01020230,0.00010013580322265625,0.88,22,converged,4
01020221,0.00030040740966796875,0.84,21,converged,5
01020212,0.00030040740966796875,0.76,19,converged,5
01020203,0.00010013580322265625,0.76,19,converged,4
01020140,5.0067901611328125e-05,0.92,23,converged,4
01020131,0.0002002716064453125,0.84,21,converged,5
01020122,0.00030040740966796875,0.92,23,converged,5
01020113,0.0002002716064453125,0.76,19,converged,5
01020104,5.0067901611328125e-05,0.72,18,converged,4
01020050,1.0013580322265625e-05,0.84,21,converged,3
01020041,5.0067901611328125e-05,0.8,20,cycled,4
01020032,0.00010013580322265625,0.84,21,converged,4
01020023,0.00010013580322265625,0.8,20,converged,4
01020014,5.0067901611328125e-05,0.84,21,converged,4
01020005,1.0013580322265625e-05,0.8,20,converged,3
01016000,3.337860107421875e-06,0.88,22,converged,3
01015100,2.002716064453125e-05,0.8,20,cycled,4
01015010,2.002716064453125e-05,0.84,21,converged,4
01015001,2.002716064453125e-05,0.84,21,converged,4
01014200,5.0067901611328125e-05,0.88,22,converged,4
01014110,0.00010013580322265625,0.8,20,converged,5
01014101,0.00010013580322265625,0.8,20,converged,5
01014020,5.0067901611328125e-05,0.84,21,converged,4
01014011,0.00010013580322265625,0.84,21,converged,5
01014002,5.0067901611328125e-05,0.84,21,converged,4
01013300,6.67572021484375e-05,0.92,23,converged,4
01013210,0.0002002716064453125,0.84,21,converged,5
01013201,0.0002002716064453125,0.8,20,converged,5
01013120,0.0002002716064453125,0.96,24,converged,5
01013111,0.000400543212890625,0.84,21,converged,6
01013102,0.0002002716064453125,0.96,24,converged,5
01013030,6.67572021484375e-05,0.8,20,converged,4
01013021,0.0002002716064453125,0.84,21,converged,5
01013012,0.0002002716064453125,0.84,21,converged,5
01013003,6.67572021484375e-05,0.92,23,converged,4
01012400,5.0067901611328125e-05,0.88,22,converged,4
01012310,0.0002002716064453125,0.8,20,converged,5
01012301,0.0002002716064453125,0.84,21,converged,5
01012220,0.00030040740966796875,0.84,21,converged,5
01012211,0.0006008148193359375,0.84,21,converged,6
01012202,0.00030040740966796875,0.8,20,converged,5
01012130,0.0002002716064453125,0.92,23,cycled,5
01012121,0.0006008148193359375,0.88,22,converged,6
01012112,0.0006008148193359375,0.84,21,converged,6
01012103,0.0002002716064453125,0.84,21,converged,5
01012040,5.0067901611328125e-05,0.8,20,converged,4
01012031,0.0002002716064453125,0.84,21,converged,5
01012022,0.00030040740966796875,0.84,21,converged,5
01012013,0.0002002716064453125,0.96,24,converged,5
01012004,5.0067901611328125e-05,0.84,21,cycled,4
01011500,2.002716064453125e-05,0.88,22,converged,4
01011410,0.00010013580322265625,0.96,24,converged,5
01011401,0.00010013580322265625,0.92,23,converged,5
01011320,0.0002002716064453125,0.92,23,converged,5
01011311,0.000400543212890625,0.96,24,converged,6
01011302,0.0002002716064453125,0.84,21,converged,5
01011230,0.0002002716064453125,0.88,22,cycled,5
01011221,0.0006008148193359375,0.92,23,converged,6
01011212,0.0006008148193359375,0.8,20,converged,6
01011203,0.0002002716064453125,0.8,20,converged,5
01011140,0.00010013580322265625,0.88,22,converged,5
01011131,0.000400543212890625,0.92,23,converged,6
01011122,0.0006008148193359375,0.88,22,converged,6
01011113,0.000400543212890625,0.84,21,converged,6
01011104,0.00010013580322265625,0.8,20,converged,5
01011050,2.002716064453125e-05,0.8,20,converged,4
01011041,0.00010013580322265625,0.8,20,converged,5
01011032,0.0002002716064453125,0.88,22,converged,5
01011023,0.0002002716064453125,0.88,22,converged,5
01011014,0.00010013580322265625,0.84,21,converged,5
01011005,2.002716064453125e-05,0.84,21,converged,4
01010600,3.337860107421875e-06,0.96,24,cycled,3
01010510,2.002716064453125e-05,1.0,25,converged,4
01010501,2.002716064453125e-05,1.0,25,converged,4
01010420,5.0067901611328125e-05,0.96,24,converged,4
01010411,0.00010013580322265625,1.0,25,converged,5
01010402,5.0067901611328125e-05,0.88,22,converged,4
01010330,6.67572021484375e-05,0.96,24,converged,4
01010321,0.0002002716064453125,0.96,24,converged,5
01010312,0.0002002716064453125,0.92,23,converged,5
01010303,6.67572021484375e-05,0.88,22,converged,4
01010240,5.0067901611328125e-05,0.88,22,converged,4
01010231,0.0002002716064453125,0.88,22,converged,5
01010222,0.00030040740966796875,0.92,23,capped,5
01010213,0.0002002716064453125,0.88,22,converged,5
01010204,5.0067901611328125e-05,0.76,19,converged,4
01010150,2.002716064453125e-05,0.88,22,converged,4
01010141,0.00010013580322265625,0.88,22,converged,5
01010132,0.0002002716064453125,0.88,22,converged,5
01010123,0.0002002716064453125,0.92,23,converged,5
01010114,0.00010013580322265625,0.88,22,converged,5
01010105,2.002716064453125e-05,0.76,19,converged,4
01010060,3.337860107421875e-06,0.88,22,converged,3
01010051,2.002716064453125e-05,0.84,21,converged,4
01010042,5.0067901611328125e-05,0.84,21,converged,4
01010033,6.67572021484375e-05,0.84,21,converged,4
01010024,5.0067901611328125e-05,0.96,24,converged,4
01010015,2.002716064453125e-05,0.92,23,converged,4
01010006,3.337860107421875e-06,0.88,22,converged,3
01007000,4.76837158203125e-07,0.84,21,converged,2
01006100,3.337860107421875e-06,0.96,24,converged,3
01006010,3.337860107421875e-06,0.88,22,converged,3
01006001,3.337860107421875e-06,0.76,19,capped,3
01005200,1.0013580322265625e-05,0.76,19,cycled,3
01005110,2.002716064453125e-05,0.84,21,converged,4
01005101,2.002716064453125e-05,0.92,23,converged,4
01005020,1.0013580322265625e-05,0.88,22,converged,3
01005011,2.002716064453125e-05,0.84,21,converged,4
01005002,1.0013580322265625e-05,0.88,22,converged,3
01004300,1.6689300537109375e-05,0.92,23,converged,3
01004210,5.0067901611328125e-05,0.84,21,converged,4
01004201,5.0067901611328125e-05,0.96,24,converged,4
01004120,5.0067901611328125e-05,0.8,20,cycled,4
01004111,0.00010013580322265625,0.84,21,converged,5
01004102,5.0067901611328125e-05,0.84,21,converged,4
01004030,1.6689300537109375e-05,0.84,21,converged,3
01004021,5.0067901611328125e-05,0.84,21,converged,4
01004012,5.0067901611328125e-05,0.84,21,converged,4
01004003,1.6689300537109375e-05,0.88,22,converged,3
01003400,1.6689300537109375e-05,0.92,23,converged,3
01003310,6.67572021484375e-05,1.0,25,converged,4
01003301,6.67572021484375e-05,0.88,22,converged,4
01003220,0.00010013580322265625,0.92,23,converged,4
01003211,0.0002002716064453125,0.84,21,converged,5
01003202,0.00010013580322265625,0.96,24,converged,4
01003130,6.67572021484375e-05,0.96,24,converged,4
01003121,0.0002002716064453125,0.84,21,converged,5
01003112,0.0002002716064453125,0.84,21,converged,5
01003103,6.67572021484375e-05,0.84,21,converged,4
01003040,1.6689300537109375e-05,0.8,20,cycled,3
01003031,6.67572021484375e-05,0.84,21,converged,4
01003022,0.00010013580322265625,0.84,21,converged,4
01003013,6.67572021484375e-05,0.84,21,converged,4
01003004,1.6689300537109375e-05,0.84,21,converged,3
01002500,1.0013580322265625e-05,1.0,25,converged,3
01002410,5.0067901611328125e-05,1.0,25,converged,4
01002401,5.0067901611328125e-05,1.0,25,converged,4
01002320,0.00010013580322265625,1.0,25,converged,4
01002311,0.0002002716064453125,0.84,21,converged,5
01002302,0.00010013580322265625,0.84,21,converged,4
01002230,0.00010013580322265625,0.84,21,converged,4
01002221,0.00030040740966796875,0.88,22,converged,5
01002212,0.00030040740966796875,0.96,24,converged,5
01002203,0.00010013580322265625,0.84,21,converged,4
01002140,5.0067901611328125e-05,0.88,22,converged,4
01002131,0.0002002716064453125,0.92,23,converged,5
01002122,0.00030040740966796875,0.88,22,converged,5
01002113,0.0002002716064453125,0.84,21,converged,5
01002104,5.0067901611328125e-05,0.84,21,converged,4
01002050,1.0013580322265625e-05,0.8,20,converged,3
01002041,5.0067901611328125e-05,0.84,21,converged,4
01002032,0.00010013580322265625,0.92,23,converged,4
01002023,0.00010013580322265625,0.92,23,converged,4
01002014,5.0067901611328125e-05,0.84,21,converged,4
01002005,1.0013580322265625e-05,0.88,22,converged,3
01001600,3.337860107421875e-06,0.92,23,converged,3
01001510,2.002716064453125e-05,1.0,25,converged,4
01001501,2.002716064453125e-05,0.96,24,converged,4
01001420,5.0067901611328125e-05,0.92,23,capped,4
01001411,0.00010013580322265625,1.0,25,converged,5
01001402,5.0067901611328125e-05,0.96,24,converged,4
01001330,6.67572021484375e-05,0.96,24,converged,4
01001321,0.0002002716064453125,0.96,24,converged,5
01001312,0.0002002716064453125,0.84,21,converged,5
01001303,6.67572021484375e-05,0.88,22,converged,4
01001240,5.0067901611328125e-05,0.96,24,converged,4
01001231,0.0002002716064453125,0.92,23,converged,5
01001222,0.00030040740966796875,0.88,22,converged,5
01001213,0.0002002716064453125,0.92,23,converged,5
01001204,5.0067901611328125e-05,0.76,19,converged,4
01001150,2.002716064453125e-05,0.88,22,converged,4
01001141,0.00010013580322265625,0.92,23,converged,5
01001132,0.0002002716064453125,0.92,23,converged,5
01001123,0.0002002716064453125,0.96,24,converged,5
01001114,0.00010013580322265625,0.88,22,converged,5
01001105,2.002716064453125e-05,0.84,21,converged,4
01001060,3.337860107421875e-06,0.84,21,converged,3
01001051,2.002716064453125e-05,0.8,20,converged,4
01001042,5.0067901611328125e-05,0.84,21,converged,4
01001033,6.67572021484375e-05,0.84,21,converged,4
01001024,5.0067901611328125e-05,0.84,21,converged,4
01001015,2.002716064453125e-05,0.88,22,converged,4
01001006,3.337860107421875e-06,0.8,20,cycled,3
01000700,4.76837158203125e-07,0.92,23,converged,2
01000610,3.337860107421875e-06,1.0,25,converged,3
01000601,3.337860107421875e-06,0.88,22,converged,3
01000520,1.0013580322265625e-05,0.92,23,converged,3
01000511,2.002716064453125e-05,0.96,24,converged,4
01000502,1.0013580322265625e-05,0.88,22,converged,3
01000430,1.6689300537109375e-05,0.96,24,converged,3
01000421,5.0067901611328125e-05,0.88,22,converged,4
01000412,5.0067901611328125e-05,1.0,25,converged,4
01000403,1.6689300537109375e-05,0.92,23,converged,3
01000340,1.6689300537109375e-05,1.0,25,converged,3
01000331,6.67572021484375e-05,0.92,23,converged,4
01000322,0.00010013580322265625,0.92,23,converged,4
01000313,6.67572021484375e-05,0.96,24,converged,4
01000304,1.6689300537109375e-05,0.88,22,converged,3
01000250,1.0013580322265625e-05,0.88,22,converged,3
01000241,5.0067901611328125e-05,0.96,24,converged,4
01000232,0.00010013580322265625,0.92,23,converged,4
01000223,0.00010013580322265625,0.92,23,capped,4
01000214,5.0067901611328125e-05,0.8,20,converged,4
01000205,1.0013580322265625e-05,0.76,19,converged,3
01000160,3.337860107421875e-06,0.88,22,converged,3
01000151,2.002716064453125e-05,0.92,23,converged,4
01000142,5.0067901611328125e-05,0.88,22,converged,4
01000133,6.67572021484375e-05,0.96,24,converged,4
01000124,5.0067901611328125e-05,0.92,23,converged,4
01000115,2.002716064453125e-05,0.88,22,converged,4
01000106,3.337860107421875e-06,0.84,21,converged,3
01000070,4.76837158203125e-07,0.92,23,converged,2
01000061,3.337860107421875e-06,0.88,22,converged,3
01000052,1.0013580322265625e-05,0.84,21,converged,3
01000043,1.6689300537109375e-05,0.84,21,converged,3
01000034,1.6689300537109375e-05,0.8,20,converged,3
01000025,1.0013580322265625e-05,0.76,19,capped,3
01000016,3.337860107421875e-06,0.88,22,converged,3
01000007,4.76837158203125e-07,0.8,20,cycled,2
00800000,5.960464477539063e-08,1.0,25,converged,1
00710000,4.76837158203125e-07,0.88,22,converged,2
00701000,4.76837158203125e-07,0.88,22,converged,2
00700100,4.76837158203125e-07,1.0,25,capped,2
00700010,4.76837158203125e-07,0.84,21,converged,2
00700001,4.76837158203125e-07,0.8,20,capped,2
00620000,1.6689300537109375e-06,1.0,25,converged,2
00611000,3.337860107421875e-06,0.96,24,converged,3
00610100,3.337860107421875e-06,0.92,23,converged,3
00610010,3.337860107421875e-06,1.0,25,converged,3
00610001,3.337860107421875e-06,0.84,21,converged,3
00602000,1.6689300537109375e-06,0.8,20,converged,2
00601100,3.337860107421875e-06,0.92,23,converged,3
00601010,3.337860107421875e-06,0.96,24,converged,3
00601001,3.337860107421875e-06,0.96,24,converged,3
00600200,1.6689300537109375e-06,0.8,20,converged,2
00600110,3.337860107421875e-06,0.92,23,converged,3
00600101,3.337860107421875e-06,0.92,23,converged,3
00600020,1.6689300537109375e-06,0.88,22,converged,2
00600011,3.337860107421875e-06,0.92,23,converged,3
00600002,1.6689300537109375e-06,0.92,23,converged,2
00530000,3.337860107421875e-06,1.0,25,converged,2
00521000,1.0013580322265625e-05,0.64,16,converged,3
00520100,1.0013580322265625e-05,0.92,23,converged,3
00520010,1.0013580322265625e-05,0.92,23,converged,3
00520001,1.0013580322265625e-05,0.72,18,capped,3
00512000,1.0013580322265625e-05,0.96,24,converged,3
00511100,2.002716064453125e-05,0.88,22,converged,4
00511010,2.002716064453125e-05,1.0,25,converged,4
00511001,2.002716064453125e-05,0.88,22,capped,4
00510200,1.0013580322265625e-05,0.8,20,converged,3
00510110,2.002716064453125e-05,0.88,22,converged,4
00510101,2.002716064453125e-05,0.92,23,converged,4
00510020,1.0013580322265625e-05,1.0,25,converged,3
00510011,2.002716064453125e-05,1.0,25,converged,4
00510002,1.0013580322265625e-05,0.92,23,cycled,3
00503000,3.337860107421875e-06,0.72,18,cycled,2
00502100,1.0013580322265625e-05,0.88,22,converged,3
00502010,1.0013580322265625e-05,0.84,21,converged,3
00502001,1.0013580322265625e-05,0.84,21,converged,3
00501200,1.0013580322265625e-05,0.8,20,converged,3
00501110,2.002716064453125e-05,0.92,23,converged,4
00501101,2.002716064453125e-05,0.92,23,converged,4
00501020,1.0013580322265625e-05,0.92,23,converged,3
00501011,2.002716064453125e-05,0.92,23,converged,4
00501002,1.0013580322265625e-05,0.8,20,converged,3
00500300,3.337860107421875e-06,0.84,21,converged,2
00500210,1.0013580322265625e-05,0.88,22,converged,3
00500201,1.0013580322265625e-05,0.84,21,converged,3
00500120,1.0013580322265625e-05,0.84,21,converged,3
00500111,2.002716064453125e-05,0.8,20,converged,4
00500102,1.0013580322265625e-05,0.8,20,converged,3
00500030,3.337860107421875e-06,0.88,22,converged,2
00500021,1.0013580322265625e-05,0.92,23,converged,3
00500012,1.0013580322265625e-05,0.84,21,converged,3
00500003,3.337860107421875e-06,0.8,20,converged,2
00440000,4.172325134277344e-06,0.8,20,capped,2
00431000,1.6689300537109375e-05,0.84,21,converged,3
00430100,1.6689300537109375e-05,0.92,23,converged,3
00430010,1.6689300537109375e-05,1.0,25,converged,3
00430001,1.6689300537109375e-05,0.68,17,capped,3
00422000,2.5033950805664062e-05,0.92,23,converged,3
00421100,5.0067901611328125e-05,0.88,22,converged,4
00421010,5.0067901611328125e-05,0.96,24,converged,4
00421001,5.0067901611328125e-05,0.92,23,converged,4
00420200,2.5033950805664062e-05,0.84,21,converged,3
00420110,5.0067901611328125e-05,0.92,23,converged,4
00420101,5.0067901611328125e-05,0.92,23,converged,4
00420020,2.5033950805664062e-05,0.92,23,converged,3
00420011,5.0067901611328125e-05,0.92,23,converged,4
00420002,2.5033950805664062e-05,0.76,19,capped,3
00413000,1.6689300537109375e-05,0.88,22,converged,3
00412100,5.0067901611328125e-05,0.88,22,converged,4
00412010,5.0067901611328125e-05,0.96,24,converged,4
00412001,5.0067901611328125e-05,0.96,24,converged,4
00411200,5.0067901611328125e-05,0.8,20,converged,4
00411110,0.00010013580322265625,0.88,22,converged,5
00411101,0.00010013580322265625,0.92,23,converged,5
00411020,5.0067901611328125e-05,1.0,25,converged,4
00411011,0.00010013580322265625,0.96,24,converged,5
00411002,5.0067901611328125e-05,0.92,23,capped,4
00410300,1.6689300537109375e-05,0.84,21,converged,3
00410210,5.0067901611328125e-05,0.88,22,converged,4
00410201,5.0067901611328125e-05,0.84,21,converged,4
00410120,5.0067901611328125e-05,0.88,22,converged,4
00410111,0.00010013580322265625,0.88,22,converged,5
00410102,5.0067901611328125e-05,0.76,19,capped,4
00410030,1.6689300537109375e-05,0.88,22,cycled,3
00410021,5.0067901611328125e-05,0.84,21,converged,4
00410012,5.0067901611328125e-05,0.84,21,converged,4
00410003,1.6689300537109375e-05,0.92,23,capped,3
00404000,4.172325134277344e-06,0.88,22,converged,2
00403100,1.6689300537109375e-05,0.88,22,converged,3
00403010,1.6689300537109375e-05,0.96,24,converged,3
00403001,1.6689300537109375e-05,0.92,23,converged,3
00402200,2.5033950805664062e-05,0.8,20,converged,3
00402110,5.0067901611328125e-05,0.88,22,converged,4
00402101,5.0067901611328125e-05,0.8,20,converged,4
00402020,2.5033950805664062e-05,0.92,23,converged,3
00402011,5.0067901611328125e-05,0.88,22,converged,4
00402002,2.5033950805664062e-05,0.88,22,converged,3
00401300,1.6689300537109375e-05,0.8,20,converged,3
00401210,5.0067901611328125e-05,0.8,20,converged,4
00401201,5.0067901611328125e-05,0.8,20,converged,4
00401120,5.0067901611328125e-05,0.84,21,converged,4
00401111,0.00010013580322265625,0.84,21,converged,5
00401102,5.0067901611328125e-05,0.8,20,converged,4
00401030,1.6689300537109375e-05,0.88,22,converged,3
00401021,5.0067901611328125e-05,0.88,22,converged,4
00401012,5.0067901611328125e-05,0.84,21,converged,4
00401003,1.6689300537109375e-05,0.92,23,converged,3
00400400,4.172325134277344e-06,0.88,22,converged,2
00400310,1.6689300537109375e-05,0.88,22,converged,3
00400301,1.6689300537109375e-05,0.8,20,converged,3
00400220,2.5033950805664062e-05,0.8,20,converged,3
00400211,5.0067901611328125e-05,0.8,20,converged,4
00400202,2.5033950805664062e-05,0.76,19,converged,3
00400130,1.6689300537109375e-05,0.8,20,converged,3
00400121,5.0067901611328125e-05,0.88,22,converged,4
00400112,5.0067901611328125e-05,0.84,21,converged,4
00400103,1.6689300537109375e-05,0.96,24,converged,3
00400040,4.172325134277344e-06,0.84,21,converged,2
00400031,1.6689300537109375e-05,0.84,21,cycled,3
00400022,2.5033950805664062e-05,0.88,22,converged,3
00400013,1.6689300537109375e-05,0.88,22,converged,3
00400004,4.172325134277344e-06,0.96,24,capped,2
00350000,3.337860107421875e-06,0.76,19,capped,2
00341000,1.6689300537109375e-05,0.84,21,converged,3
00340100,1.6689300537109375e-05,1.0,25,converged,3
00340010,1.6689300537109375e-05,0.96,24,converged,3
00340001,1.6689300537109375e-05,0.84,21,capped,3
00332000,3.337860107421875e-05,0.88,22,converged,3
00331100,6.67572021484375e-05,0.92,23,converged,4
00331010,6.67572021484375e-05,0.92,23,converged,4
00331001,6.67572021484375e-05,0.84,21,converged,4
00330200,3.337860107421875e-05,0.84,21,converged,3
00330110,6.67572021484375e-05,1.0,25,converged,4
00330101,6.67572021484375e-05,0.88,22,converged,4
00330020,3.337860107421875e-05,0.92,23,converged,3
00330011,6.67572021484375e-05,0.92,23,converged,4
00330002,3.337860107421875e-05,0.92,23,converged,3
00323000,3.337860107421875e-05,0.96,24,converged,3
00322100,0.00010013580322265625,0.92,23,converged,4
00322010,0.00010013580322265625,0.96,24,converged,4
00322001,0.00010013580322265625,0.92,23,converged,4
00321200,0.00010013580322265625,0.88,22,converged,4
00321110,0.0002002716064453125,1.0,25,converged,5
00321101,0.0002002716064453125,0.88,22,converged,5
00321020,0.00010013580322265625,0.92,23,converged,4
00321011,0.0002002716064453125,0.92,23,converged,5
00321002,0.00010013580322265625,0.88,22,converged,4
00320300,3.337860107421875e-05,0.88,22,converged,3
00320210,0.00010013580322265625,0.96,24,converged,4
00320201,0.00010013580322265625,0.84,21,converged,4
00320120,0.00010013580322265625,1.0,25,converged,4
00320111,0.0002002716064453125,0.96,24,cycled,5
00320102,0.00010013580322265625,0.84,21,cycled,4
00320030,3.337860107421875e-05,0.92,23,converged,3
00320021,0.00010013580322265625,0.96,24,cycled,4
00320012,0.00010013580322265625,0.96,24,converged,4
00320003,3.337860107421875e-05,0.84,21,capped,3
00314000,1.6689300537109375e-05,0.88,22,converged,3
00313100,6.67572021484375e-05,0.92,23,converged,4
00313010,6.67572021484375e-05,0.88,22,converged,4
00313001,6.67572021484375e-05,0.88,22,converged,4
00312200,0.00010013580322265625,0.8,20,converged,4
00312110,0.0002002716064453125,0.92,23,converged,5
00312101,0.0002002716064453125,0.84,21,converged,5
00312020,0.00010013580322265625,0.88,22,converged,4
00312011,0.0002002716064453125,0.88,22,converged,5
00312002,0.00010013580322265625,0.84,21,converged,4
00311300,6.67572021484375e-05,0.88,22,converged,4
00311210,0.0002002716064453125,0.84,21,converged,5
00311201,0.0002002716064453125,0.92,23,converged,5
00311120,0.0002002716064453125,0.88,22,converged,5
00311111,0.000400543212890625,0.88,22,converged,6
00311102,0.0002002716064453125,0.76,19,converged,5
00311030,6.67572021484375e-05,0.84,21,converged,4
00311021,0.0002002716064453125,0.84,21,converged,5
00311012,0.0002002716064453125,0.84,21,converged,5
00311003,6.67572021484375e-05,0.84,21,converged,4
00310400,1.6689300537109375e-05,0.92,23,converged,3
00310310,6.67572021484375e-05,0.88,22,converged,4
00310301,6.67572021484375e-05,0.8,20,converged,4
00310220,0.00010013580322265625,0.84,21,converged,4
00310211,0.0002002716064453125,0.8,20,converged,5
00310202,0.00010013580322265625,0.8,20,converged,4
00310130,6.67572021484375e-05,0.8,20,converged,4
00310121,0.0002002716064453125,0.84,21,converged,5
00310112,0.0002002716064453125,0.88,22,converged,5
00310103,6.67572021484375e-05,0.88,22,converged,4
00310040,1.6689300537109375e-05,0.8,20,converged,3
00310031,6.67572021484375e-05,0.76,19,converged,4
00310022,0.00010013580322265625,0.76,19,converged,4
00310013,6.67572021484375e-05,0.84,21,converged,4
00310004,1.6689300537109375e-05,0.88,22,converged,3
00305000,3.337860107421875e-06,0.96,24,converged,2
00304100,1.6689300537109375e-05,0.84,21,converged,3
00304010,1.6689300537109375e-05,0.96,24,converged,3
00304001,1.6689300537109375e-05,0.84,21,converged,3
00303200,3.337860107421875e-05,0.8,20,converged,3
00303110,6.67572021484375e-05,0.84,21,converged,4
00303101,6.67572021484375e-05,0.8,20,converged,4
00303020,3.337860107421875e-05,0.92,23,converged,3
00303011,6.67572021484375e-05,0.88,22,converged,4
00303002,3.337860107421875e-05,0.88,22,converged,3
00302300,3.337860107421875e-05,0.84,21,converged,3
00302210,0.00010013580322265625,0.88,22,converged,4
00302201,0.00010013580322265625,0.8,20,converged,4
00302120,0.00010013580322265625,0.84,21,converged,4
00302111,0.0002002716064453125,0.84,21,converged,5
00302102,0.00010013580322265625,0.84,21,converged,4
00302030,3.337860107421875e-05,0.92,23,converged,3
00302021,0.00010013580322265625,0.88,22,converged,4
00302012,0.00010013580322265625,0.92,23,converged,4
00302003,3.337860107421875e-05,0.76,19,converged,3
00301400,1.6689300537109375e-05,0.92,23,converged,3
00301310,6.67572021484375e-05,0.84,21,converged,4
00301301,6.67572021484375e-05,0.8,20,converged,4
00301220,0.00010013580322265625,0.8,20,converged,4
00301211,0.0002002716064453125,0.92,23,converged,5
00301202,0.00010013580322265625,0.76,19,converged,4
00301130,6.67572021484375e-05,0.92,23,converged,4
00301121,0.0002002716064453125,0.96,24,converged,5
00301112,0.0002002716064453125,0.76,19,converged,5
00301103,6.67572021484375e-05,0.8,20,capped,4
00301040,1.6689300537109375e-05,0.72,18,cycled,3
00301031,6.67572021484375e-05,0.84,21,converged,4
00301022,0.00010013580322265625,0.96,24,converged,4
00301013,6.67572021484375e-05,1.0,25,converged,4
00301004,1.6689300537109375e-05,0.8,20,converged,3
00300500,3.337860107421875e-06,0.8,20,converged,2
00300410,1.6689300537109375e-05,0.96,24,converged,3
00300401,1.6689300537109375e-05,0.84,21,converged,3
00300320,3.337860107421875e-05,0.84,21,converged,3
00300311,6.67572021484375e-05,0.92,23,converged,4
00300302,3.337860107421875e-05,0.88,22,converged,3
00300230,3.337860107421875e-05,0.92,23,converged,3
00300221,0.00010013580322265625,0.92,23,converged,4
00300212,0.00010013580322265625,0.88,22,converged,4
00300203,3.337860107421875e-05,0.76,19,cycled,3
00300140,1.6689300537109375e-05,0.92,23,converged,3
00300131,6.67572021484375e-05,0.92,23,converged,4
00300122,0.00010013580322265625,0.88,22,converged,4
00300113,6.67572021484375e-05,0.84,21,converged,4
00300104,1.6689300537109375e-05,0.92,23,converged,3
00300050,3.337860107421875e-06,0.84,21,converged,2
00300041,1.6689300537109375e-05,0.84,21,converged,3
00300032,3.337860107421875e-05,0.84,21,converged,3
00300023,3.337860107421875e-05,0.88,22,converged,3
00300014,1.6689300537109375e-05,0.88,22,cycled,3
00300005,3.337860107421875e-06,0.88,22,converged,2
00260000,1.6689300537109375e-06,0.92,23,cycled,2
00251000,1.0013580322265625e-05,0.68,17,capped,3
00250100,1.0013580322265625e-05,0.84,21,converged,3
00250010,1.0013580322265625e-05,1.0,25,converged,3
00250001,1.0013580322265625e-05,0.64,16,capped,3
00242000,2.5033950805664062e-05,0.88,22,converged,3
00241100,5.0067901611328125e-05,0.96,24,converged,4
00241010,5.0067901611328125e-05,0.84,21,converged,4
00241001,5.0067901611328125e-05,0.76,19,capped,4
00240200,2.5033950805664062e-05,0.96,24,converged,3
00240110,5.0067901611328125e-05,0.88,22,converged,4
00240101,5.0067901611328125e-05,0.92,23,converged,4
00240020,2.5033950805664062e-05,0.84,21,converged,3
00240011,5.0067901611328125e-05,0.96,24,converged,4
00240002,2.5033950805664062e-05,0.88,22,cycled,3
00233000,3.337860107421875e-05,0.92,23,converged,3
00232100,0.00010013580322265625,0.92,23,converged,4
00232010,0.00010013580322265625,0.88,22,converged,4
00232001,0.00010013580322265625,0.84,21,converged,4
00231200,0.00010013580322265625,0.88,22,converged,4
00231110,0.0002002716064453125,0.8,20,converged,5
00231101,0.0002002716064453125,0.96,24,converged,5
00231020,0.00010013580322265625,0.84,21,converged,4
00231011,0.0002002716064453125,0.88,22,converged,5
00231002,0.00010013580322265625,0.84,21,cycled,4
00230300,3.337860107421875e-05,0.84,21,converged,3
00230210,0.00010013580322265625,0.88,22,converged,4
00230201,0.00010013580322265625,0.92,23,converged,4
00230120,0.00010013580322265625,0.76,19,cycled,4
00230111,0.0002002716064453125,0.8,20,converged,5
00230102,0.00010013580322265625,0.84,21,converged,4
00230030,3.337860107421875e-05,0.88,22,converged,3
00230021,0.00010013580322265625,1.0,25,converged,4
00230012,0.00010013580322265625,0.92,23,converged,4
00230003,3.337860107421875e-05,0.92,23,converged,3
00224000,2.5033950805664062e-05,0.72,18,capped,3
00223100,0.00010013580322265625,0.96,24,converged,4
00223010,0.00010013580322265625,0.96,24,converged,4
00223001,0.00010013580322265625,0.76,19,capped,4
00222200,0.00015020370483398438,0.92,23,converged,4
00222110,0.00030040740966796875,1.0,25,converged,5
00222101,0.00030040740966796875,0.88,22,converged,5
00222020,0.00015020370483398438,0.84,21,converged,4
00222011,0.00030040740966796875,0.92,23,cycled,5
00222002,0.00015020370483398438,0.88,22,cycled,4
00221300,0.00010013580322265625,0.92,23,converged,4
00221210,0.00030040740966796875,0.96,24,converged,5
00221201,0.00030040740966796875,0.92,23,converged,5
00221120,0.00030040740966796875,0.8,20,converged,5
00221111,0.0006008148193359375,0.96,24,converged,6
00221102,0.00030040740966796875,0.88,22,converged,5
00221030,0.00010013580322265625,0.88,22,converged,4
00221021,0.00030040740966796875,0.8,20,converged,5
00221012,0.00030040740966796875,0.88,22,converged,5
00221003,0.00010013580322265625,0.96,24,converged,4
00220400,2.5033950805664062e-05,0.96,24,converged,3
00220310,0.00010013580322265625,0.84,21,converged,4
00220301,0.00010013580322265625,0.88,22,converged,4
00220220,0.00015020370483398438,0.8,20,converged,4
00220211,0.00030040740966796875,0.84,21,converged,5
00220202,0.00015020370483398438,0.88,22,converged,4
00220130,0.00010013580322265625,0.76,19,converged,4
00220121,0.00030040740966796875,0.8,20,converged,5
00220112,0.00030040740966796875,0.84,21,converged,5
00220103,0.00010013580322265625,0.8,20,capped,4
00220040,2.5033950805664062e-05,0.76,19,converged,3
00220031,0.00010013580322265625,0.84,21,converged,4
00220022,0.00015020370483398438,0.84,21,converged,4
00220013,0.00010013580322265625,0.84,21,converged,4
00220004,2.5033950805664062e-05,0.84,21,converged,3
00215000,1.0013580322265625e-05,0.84,21,converged,3
00214100,5.0067901611328125e-05,0.84,21,converged,4
00214010,5.0067901611328125e-05,0.92,23,converged,4
00214001,5.0067901611328125e-05,0.92,23,converged,4
00213200,0.00010013580322265625,0.92,23,converged,4
00213110,0.0002002716064453125,0.84,21,converged,5
00213101,0.0002002716064453125,0.84,21,converged,5
00213020,0.00010013580322265625,0.84,21,converged,4
00213011,0.0002002716064453125,0.88,22,converged,5
00213002,0.00010013580322265625,0.84,21,converged,4
00212300,0.00010013580322265625,0.88,22,converged,4
00212210,0.00030040740966796875,0.88,22,converged,5
00212201,0.00030040740966796875,0.88,22,converged,5
00212120,0.00030040740966796875,0.84,21,converged,5
00212111,0.0006008148193359375,0.84,21,converged,6
00212102,0.00030040740966796875,0.84,21,converged,5
00212030,0.00010013580322265625,0.84,21,converged,4
00212021,0.00030040740966796875,0.8,20,converged,5
00212012,0.00030040740966796875,0.84,21,converged,5
00212003,0.00010013580322265625,0.84,21,converged,4
00211400,5.0067901611328125e-05,0.88,22,converged,4
00211310,0.0002002716064453125,0.88,22,converged,5
00211301,0.0002002716064453125,0.88,22,converged,5
00211220,0.00030040740966796875,0.84,21,converged,5
00211211,0.0006008148193359375,0.84,21,converged,6
00211202,0.00030040740966796875,0.84,21,converged,5
00211130,0.0002002716064453125,0.84,21,converged,5
00211121,0.0006008148193359375,0.72,18,converged,6
00211112,0.0006008148193359375,0.76,19,converged,6
00211103,0.0002002716064453125,0.84,21,converged,5
00211040,5.0067901611328125e-05,0.84,21,converged,4
00211031,0.0002002716064453125,0.84,21,converged,5
00211022,0.00030040740966796875,0.84,21,converged,5
00211013,0.0002002716064453125,0.84,21,converged,5
00211004,5.0067901611328125e-05,0.84,21,converged,4
00210500,1.0013580322265625e-05,0.84,21,converged,3
00210410,5.0067901611328125e-05,0.88,22,converged,4
00210401,5.0067901611328125e-05,0.84,21,converged,4
00210320,0.00010013580322265625,0.84,21,converged,4
00210311,0.0002002716064453125,0.84,21,converged,5
00210302,0.00010013580322265625,0.84,21,converged,4
00210230,0.00010013580322265625,0.84,21,converged,4
00210221,0.00030040740966796875,0.84,21,converged,5
00210212,0.00030040740966796875,0.88,22,converged,5
00210203,0.00010013580322265625,0.76,19,converged,4
00210140,5.0067901611328125e-05,0.92,23,converged,4
00210131,0.0002002716064453125,0.92,23,converged,5
00210122,0.00030040740966796875,0.72,18,converged,5
00210113,0.0002002716064453125,0.72,18,converged,5
00210104,5.0067901611328125e-05,0.76,19,converged,4
00210050,1.0013580322265625e-05,0.8,20,converged,3
00210041,5.0067901611328125e-05,0.88,22,converged,4
00210032,0.00010013580322265625,0.84,21,converged,4
00210023,0.00010013580322265625,0.92,23,converged,4
00210014,5.0067901611328125e-05,0.92,23,converged,4
00210005,1.0013580322265625e-05,0.88,22,converged,3
00206000,1.6689300537109375e-06,0.84,21,converged,2
00205100,1.0013580322265625e-05,0.84,21,converged,3
00205010,1.0013580322265625e-05,0.88,22,cycled,3
00205001,1.0013580322265625e-05,0.84,21,converged,3
00204200,2.5033950805664062e-05,0.84,21,converged,3
00204110,5.0067901611328125e-05,0.84,21,converged,4
00204101,5.0067901611328125e-05,0.92,23,converged,4
00204020,2.5033950805664062e-05,0.96,24,converged,3
00204011,5.0067901611328125e-05,0.84,21,converged,4
00204002,2.5033950805664062e-05,0.72,18,converged,3
00203300,3.337860107421875e-05,0.88,22,converged,3
00203210,0.00010013580322265625,0.92,23,converged,4
00203201,0.00010013580322265625,0.76,19,converged,4
00203120,0.00010013580322265625,0.92,23,converged,4
00203111,0.0002002716064453125,0.92,23,converged,5
00203102,0.00010013580322265625,0.68,17,capped,4
00203030,3.337860107421875e-05,0.84,21,converged,3
00203021,0.00010013580322265625,0.88,22,converged,4
00203012,0.00010013580322265625,0.88,22,converged,4
00203003,3.337860107421875e-05,0.84,21,converged,3
00202400,2.5033950805664062e-05,0.84,21,converged,3
00202310,0.00010013580322265625,0.96,24,converged,4
00202301,0.00010013580322265625,0.88,22,converged,4
00202220,0.00015020370483398438,0.84,21,converged,4
00202211,0.00030040740966796875,0.88,22,converged,5
00202202,0.00015020370483398438,0.88,22,converged,4
00202130,0.00010013580322265625,0.88,22,converged,4
00202121,0.00030040740966796875,0.8,20,capped,5
00202112,0.00030040740966796875,0.96,24,cycled,5
00202103,0.00010013580322265625,0.84,21,converged,4
00202040,2.5033950805664062e-05,0.84,21,capped,3
00202031,0.00010013580322265625,0.96,24,converged,4
00202022,0.00015020370483398438,0.88,22,converged,4
00202013,0.00010013580322265625,0.96,24,converged,4
00202004,2.5033950805664062e-05,0.92,23,converged,3
00201500,1.0013580322265625e-05,0.88,22,converged,3
00201410,5.0067901611328125e-05,1.0,25,converged,4
00201401,5.0067901611328125e-05,0.88,22,converged,4
00201320,0.00010013580322265625,1.0,25,converged,4
00201311,0.0002002716064453125,0.96,24,converged,5
00201302,0.00010013580322265625,0.88,22,converged,4
00201230,0.00010013580322265625,0.92,23,converged,4
00201221,0.00030040740966796875,0.96,24,converged,5
00201212,0.00030040740966796875,0.88,22,converged,5
00201203,0.00010013580322265625,0.76,19,cycled,4
00201140,5.0067901611328125e-05,0.96,24,converged,4
00201131,0.0002002716064453125,0.96,24,converged,5
00201122,0.00030040740966796875,0.84,21,converged,5
00201113,0.0002002716064453125,0.88,22,converged,5
00201104,5.0067901611328125e-05,0.88,22,converged,4
00201050,1.0013580322265625e-05,0.8,20,cycled,3
00201041,5.0067901611328125e-05,0.84,21,converged,4
00201032,0.00010013580322265625,0.88,22,converged,4
00201023,0.00010013580322265625,0.92,23,converged,4
00201014,5.0067901611328125e-05,0.88,22,converged,4
00201005,1.0013580322265625e-05,0.88,22,capped,3
00200600,1.6689300537109375e-06,0.92,23,converged,2
00200510,1.0013580322265625e-05,0.96,24,converged,3
00200501,1.0013580322265625e-05,0.96,24,converged,3
00200420,2.5033950805664062e-05,1.0,25,converged,3
00200411,5.0067901611328125e-05,0.96,24,converged,4
00200402,2.5033950805664062e-05,0.96,24,converged,3
00200330,3.337860107421875e-05,0.92,23,converged,3
00200321,0.00010013580322265625,0.88,22,converged,4
00200312,0.00010013580322265625,0.88,22,capped,4
00200303,3.337860107421875e-05,0.84,21,converged,3
00200240,2.5033950805664062e-05,0.88,22,converged,3
00200231,0.00010013580322265625,0.88,22,converged,4
00200222,0.00015020370483398438,0.96,24,converged,4
00200213,0.00010013580322265625,0.92,23,converged,4
00200204,2.5033950805664062e-05,0.72,18,converged,3
00200150,1.0013580322265625e-05,0.92,23,converged,3
00200141,5.0067901611328125e-05,0.92,23,converged,4
00200132,0.00010013580322265625,0.84,21,converged,4
00200123,0.00010013580322265625,0.84,21,converged,4
00200114,5.0067901611328125e-05,0.8,20,converged,4
00200105,1.0013580322265625e-05,0.8,20,converged,3
00200060,1.6689300537109375e-06,0.8,20,converged,2
00200051,1.0013580322265625e-05,0.84,21,converged,3
00200042,2.5033950805664062e-05,0.8,20,converged,3
00200033,3.337860107421875e-05,0.88,22,converged,3
00200024,2.5033950805664062e-05,0.88,22,cycled,3
00200015,1.0013580322265625e-05,0.92,23,cycled,3
00200006,1.6689300537109375e-06,0.8,20,capped,2
00170000,4.76837158203125e-07,0.84,21,converged,2
00161000,3.337860107421875e-06,0.72,18,capped,3
00160100,3.337860107421875e-06,0.8,20,capped,3
00160010,3.337860107421875e-06,0.8,20,converged,3
00160001,3.337860107421875e-06,0.88,22,converged,3
00152000,1.0013580322265625e-05,0.8,20,converged,3
00151100,2.002716064453125e-05,0.92,23,converged,4
00151010,2.002716064453125e-05,1.0,25,converged,4
00151001,2.002716064453125e-05,1.0,25,converged,4
00150200,1.0013580322265625e-05,0.96,24,converged,3
00150110,2.002716064453125e-05,0.84,21,converged,4
00150101,2.002716064453125e-05,0.84,21,converged,4
00150020,1.0013580322265625e-05,0.84,21,converged,3
00150011,2.002716064453125e-05,0.68,17,converged,4
00150002,1.0013580322265625e-05,0.84,21,converged,3
00143000,1.6689300537109375e-05,0.92,23,converged,3
00142100,5.0067901611328125e-05,0.88,22,converged,4
00142010,5.0067901611328125e-05,0.84,21,converged,4
00142001,5.0067901611328125e-05,0.84,21,converged,4
00141200,5.0067901611328125e-05,0.92,23,converged,4
00141110,0.00010013580322265625,0.84,21,converged,5
00141101,0.00010013580322265625,0.84,21,converged,5
00141020,5.0067901611328125e-05,0.84,21,cycled,4
00141011,0.00010013580322265625,0.76,19,converged,5
00141002,5.0067901611328125e-05,0.8,20,capped,4
00140300,1.6689300537109375e-05,0.88,22,converged,3
00140210,5.0067901611328125e-05,0.92,23,converged,4
00140201,5.0067901611328125e-05,0.88,22,converged,4
00140120,5.0067901611328125e-05,0.96,24,converged,4
00140111,0.00010013580322265625,0.8,20,converged,5
00140102,5.0067901611328125e-05,0.88,22,converged,4
00140030,1.6689300537109375e-05,0.88,22,converged,3
00140021,5.0067901611328125e-05,0.84,21,converged,4
00140012,5.0067901611328125e-05,0.8,20,converged,4
00140003,1.6689300537109375e-05,0.92,23,converged,3
00134000,1.6689300537109375e-05,0.88,22,converged,3
00133100,6.67572021484375e-05,0.88,22,cycled,4
00133010,6.67572021484375e-05,0.92,23,converged,4
00133001,6.67572021484375e-05,0.84,21,converged,4
00132200,0.00010013580322265625,1.0,25,cycled,4
00132110,0.0002002716064453125,0.8,20,converged,5
00132101,0.0002002716064453125,0.92,23,converged,5
00132020,0.00010013580322265625,0.84,21,capped,4
00132011,0.0002002716064453125,0.88,22,converged,5
00132002,0.00010013580322265625,0.88,22,converged,4
00131300,6.67572021484375e-05,0.88,22,converged,4
00131210,0.0002002716064453125,0.84,21,converged,5
00131201,0.0002002716064453125,0.96,24,converged,5
00131120,0.0002002716064453125,0.88,22,converged,5
00131111,0.000400543212890625,0.8,20,converged,6
00131102,0.0002002716064453125,0.84,21,converged,5
00131030,6.67572021484375e-05,0.84,21,converged,4
00131021,0.0002002716064453125,0.96,24,converged,5
00131012,0.0002002716064453125,0.84,21,converged,5
00131003,6.67572021484375e-05,0.88,22,converged,4
00130400,1.6689300537109375e-05,1.0,25,converged,3
00130310,6.67572021484375e-05,0.76,19,converged,4
00130301,6.67572021484375e-05,0.92,23,converged,4
00130220,0.00010013580322265625,0.88,22,converged,4
00130211,0.0002002716064453125,0.84,21,converged,5
00130202,0.00010013580322265625,0.88,22,converged,4
00130130,6.67572021484375e-05,0.88,22,converged,4
00130121,0.0002002716064453125,0.84,21,converged,5
00130112,0.0002002716064453125,0.8,20,converged,5
00130103,6.67572021484375e-05,0.8,20,converged,4
00130040,1.6689300537109375e-05,0.84,21,converged,3
00130031,6.67572021484375e-05,0.88,22,converged,4
00130022,0.00010013580322265625,0.88,22,converged,4
00130013,6.67572021484375e-05,0.84,21,converged,4
00130004,1.6689300537109375e-05,0.88,22,converged,3
00125000,1.0013580322265625e-05,0.92,23,converged,3
00124100,5.0067901611328125e-05,0.8,20,converged,4
00124010,5.0067901611328125e-05,0.84,21,converged,4
00124001,5.0067901611328125e-05,0.88,22,converged,4
00123200,0.00010013580322265625,0.92,23,converged,4
00123110,0.0002002716064453125,0.8,20,converged,5
00123101,0.0002002716064453125,0.8,20,converged,5
00123020,0.00010013580322265625,0.84,21,converged,4
00123011,0.0002002716064453125,0.84,21,converged,5
00123002,0.00010013580322265625,0.84,21,converged,4
00122300,0.00010013580322265625,0.88,22,converged,4
00122210,0.00030040740966796875,0.84,21,converged,5
00122201,0.00030040740966796875,0.92,23,converged,5
00122120,0.00030040740966796875,0.76,19,converged,5
00122111,0.0006008148193359375,0.76,19,converged,6
00122102,0.00030040740966796875,0.84,21,converged,5
00122030,0.00010013580322265625,0.8,20,converged,4
00122021,0.00030040740966796875,0.84,21,converged,5
00122012,0.00030040740966796875,0.84,21,converged,5
00122003,0.00010013580322265625,0.84,21,converged,4
00121400,5.0067901611328125e-05,0.92,23,converged,4
00121310,0.0002002716064453125,0.92,23,converged,5
00121301,0.0002002716064453125,0.88,22,converged,5
00121220,0.00030040740966796875,0.84,21,converged,5
00121211,0.0006008148193359375,0.84,21,converged,6
00121202,0.00030040740966796875,0.88,22,converged,5
00121130,0.0002002716064453125,0.84,21,capped,5
00121121,0.0006008148193359375,0.76,19,converged,6
00121112,0.0006008148193359375,0.8,20,converged,6
00121103,0.0002002716064453125,0.8,20,converged,5
00121040,5.0067901611328125e-05,0.76,19,converged,4
00121031,0.0002002716064453125,0.8,20,converged,5
00121022,0.00030040740966796875,0.84,21,converged,5
00121013,0.0002002716064453125,0.84,21,converged,5
00121004,5.0067901611328125e-05,0.84,21,converged,4
00120500,1.0013580322265625e-05,0.96,24,converged,3
00120410,5.0067901611328125e-05,0.96,24,converged,4
00120401,5.0067901611328125e-05,0.92,23,converged,4
00120320,0.00010013580322265625,0.8,20,converged,4
00120311,0.0002002716064453125,0.84,21,converged,5
00120302,0.00010013580322265625,0.92,23,converged,4
00120230,0.00010013580322265625,0.88,22,converged,4
00120221,0.00030040740966796875,0.8,20,converged,5
00120212,0.00030040740966796875,0.84,21,converged,5
00120203,0.00010013580322265625,0.8,20,converged,4
00120140,5.0067901611328125e-05,0.84,21,converged,4
00120131,0.0002002716064453125,0.88,22,converged,5
00120122,0.00030040740966796875,0.76,19,converged,5
00120113,0.0002002716064453125,0.72,18,converged,5
00120104,5.0067901611328125e-05,0.88,22,converged,4
00120050,1.0013580322265625e-05,0.84,21,converged,3
00120041,5.0067901611328125e-05,0.84,21,converged,4
00120032,0.00010013580322265625,0.76,19,converged,4
00120023,0.00010013580322265625,0.72,18,converged,4
00120014,5.0067901611328125e-05,0.84,21,converged,4
00120005,1.0013580322265625e-05,0.72,18,converged,3
00116000,3.337860107421875e-06,0.96,24,converged,3
00115100,2.002716064453125e-05,0.84,21,converged,4
00115010,2.002716064453125e-05,0.88,22,converged,4
00115001,2.002716064453125e-05,0.92,23,converged,4
00114200,5.0067901611328125e-05,0.88,22,converged,4
00114110,0.00010013580322265625,0.84,21,converged,5
00114101,0.00010013580322265625,0.84,21,converged,5
00114020,5.0067901611328125e-05,0.88,22,converged,4
00114011,0.00010013580322265625,0.84,21,converged,5
00114002,5.0067901611328125e-05,0.92,23,converged,4
00113300,6.67572021484375e-05,0.88,22,converged,4
00113210,0.0002002716064453125,0.88,22,converged,5
00113201,0.0002002716064453125,0.88,22,converged,5
00113120,0.0002002716064453125,0.84,21,converged,5
00113111,0.000400543212890625,0.92,23,converged,6
00113102,0.0002002716064453125,0.88,22,converged,5
00113030,6.67572021484375e-05,0.88,22,converged,4
00113021,0.0002002716064453125,0.84,21,converged,5
00113012,0.0002002716064453125,0.84,21,converged,5
00113003,6.67572021484375e-05,0.68,17,converged,4
00112400,5.0067901611328125e-05,0.84,21,converged,4
00112310,0.0002002716064453125,0.84,21,converged,5
00112301,0.0002002716064453125,0.92,23,converged,5
00112220,0.00030040740966796875,0.96,24,converged,5
00112211,0.0006008148193359375,0.88,22,converged,6
00112202,0.00030040740966796875,0.88,22,converged,5
00112130,0.0002002716064453125,0.84,21,converged,5
00112121,0.0006008148193359375,0.88,22,converged,6
00112112,0.0006008148193359375,0.72,18,converged,6
00112103,0.0002002716064453125,0.72,18,capped,5
00112040,5.0067901611328125e-05,0.84,21,converged,4
00112031,0.0002002716064453125,0.88,22,converged,5
00112022,0.00030040740966796875,0.84,21,converged,5
00112013,0.0002002716064453125,0.84,21,converged,5
00112004,5.0067901611328125e-05,0.96,24,converged,4
00111500,2.002716064453125e-05,0.84,21,converged,4
00111410,0.00010013580322265625,0.92,23,converged,5
00111401,0.00010013580322265625,0.92,23,converged,5
00111320,0.0002002716064453125,0.96,24,converged,5
00111311,0.000400543212890625,0.92,23,converged,6
00111302,0.0002002716064453125,0.84,21,converged,5
00111230,0.0002002716064453125,0.84,21,cycled,5
00111221,0.0006008148193359375,0.84,21,converged,6
00111212,0.0006008148193359375,0.92,23,converged,6
00111203,0.0002002716064453125,0.84,21,converged,5
00111140,0.00010013580322265625,0.84,21,converged,5
00111131,0.000400543212890625,0.96,24,converged,6
00111122,0.0006008148193359375,0.8,20,cycled,6
00111113,0.000400543212890625,0.8,20,cycled,6
00111104,0.00010013580322265625,0.84,21,converged,5
00111050,2.002716064453125e-05,0.8,20,capped,4
00111041,0.00010013580322265625,0.8,20,cycled,5
00111032,0.0002002716064453125,0.88,22,converged,5
00111023,0.0002002716064453125,0.84,21,converged,5
00111014,0.00010013580322265625,0.8,20,cycled,5
00111005,2.002716064453125e-05,0.88,22,converged,4
00110600,3.337860107421875e-06,0.84,21,converged,3
00110510,2.002716064453125e-05,0.96,24,converged,4
00110501,2.002716064453125e-05,0.88,22,converged,4
00110420,5.0067901611328125e-05,0.96,24,converged,4
00110411,0.00010013580322265625,0.96,24,converged,5
00110402,5.0067901611328125e-05,0.88,22,converged,4
00110330,6.67572021484375e-05,0.92,23,converged,4
00110321,0.0002002716064453125,0.72,18,capped,5
00110312,0.0002002716064453125,0.84,21,converged,5
00110303,6.67572021484375e-05,0.84,21,converged,4
00110240,5.0067901611328125e-05,0.88,22,converged,4
00110231,0.0002002716064453125,0.84,21,converged,5
00110222,0.00030040740966796875,0.92,23,cycled,5
00110213,0.0002002716064453125,0.96,24,converged,5
00110204,5.0067901611328125e-05,0.72,18,converged,4
00110150,2.002716064453125e-05,0.88,22,converged,4
00110141,0.00010013580322265625,0.88,22,converged,5
00110132,0.0002002716064453125,0.96,24,capped,5
00110123,0.0002002716064453125,0.76,19,cycled,5
00110114,0.00010013580322265625,0.8,20,cycled,5
00110105,2.002716064453125e-05,0.76,19,converged,4
00110060,3.337860107421875e-06,0.84,21,converged,3
00110051,2.002716064453125e-05,0.8,20,converged,4
00110042,5.0067901611328125e-05,0.84,21,converged,4
00110033,6.67572021484375e-05,0.84,21,converged,4
00110024,5.0067901611328125e-05,0.84,21,converged,4
00110015,2.002716064453125e-05,0.8,20,cycled,4
00110006,3.337860107421875e-06,0.88,22,cycled,3
00107000,4.76837158203125e-07,0.84,21,converged,2
00106100,3.337860107421875e-06,0.96,24,converged,3
00106010,3.337860107421875e-06,0.8,20,cycled,3
00106001,3.337860107421875e-06,0.84,21,converged,3
00105200,1.0013580322265625e-05,0.88,22,converged,3
00105110,2.002716064453125e-05,0.96,24,converged,4
00105101,2.002716064453125e-05,0.92,23,converged,4
00105020,1.0013580322265625e-05,0.88,22,converged,3
00105011,2.002716064453125e-05,0.8,20,converged,4
00105002,1.0013580322265625e-05,0.92,23,converged,3
00104300,1.6689300537109375e-05,0.96,24,converged,3
00104210,5.0067901611328125e-05,0.92,23,converged,4
00104201,5.0067901611328125e-05,0.84,21,converged,4
00104120,5.0067901611328125e-05,0.92,23,capped,4
00104111,0.00010013580322265625,0.92,23,converged,5
00104102,5.0067901611328125e-05,0.84,21,converged,4
00104030,1.6689300537109375e-05,0.84,21,converged,3
00104021,5.0067901611328125e-05,0.84,21,converged,4
00104012,5.0067901611328125e-05,0.88,22,converged,4
00104003,1.6689300537109375e-05,0.84,21,converged,3
00103400,1.6689300537109375e-05,0.96,24,converged,3
00103310,6.67572021484375e-05,0.96,24,converged,4
00103301,6.67572021484375e-05,0.88,22,converged,4
00103220,0.00010013580322265625,0.92,23,converged,4
00103211,0.0002002716064453125,0.96,24,converged,5
00103202,0.00010013580322265625,0.88,22,converged,4
00103130,6.67572021484375e-05,0.88,22,cycled,4
00103121,0.0002002716064453125,0.92,23,cycled,5
00103112,0.0002002716064453125,0.88,22,converged,5
00103103,6.67572021484375e-05,0.8,20,converged,4
00103040,1.6689300537109375e-05,0.8,20,cycled,3
00103031,6.67572021484375e-05,0.92,23,converged,4
00103022,0.00010013580322265625,0.84,21,converged,4
00103013,6.67572021484375e-05,0.88,22,converged,4
00103004,1.6689300537109375e-05,0.88,22,converged,3
00102500,1.0013580322265625e-05,0.92,23,converged,3
00102410,5.0067901611328125e-05,0.96,24,converged,4
00102401,5.0067901611328125e-05,0.96,24,converged,4
00102320,0.00010013580322265625,1.0,25,converged,4
00102311,0.0002002716064453125,0.88,22,converged,5
00102302,0.00010013580322265625,0.88,22,converged,4
00102230,0.00010013580322265625,0.96,24,converged,4
00102221,0.00030040740966796875,0.92,23,converged,5
00102212,0.00030040740966796875,0.88,22,cycled,5
00102203,0.00010013580322265625,0.76,19,converged,4
00102140,5.0067901611328125e-05,0.92,23,converged,4
00102131,0.0002002716064453125,0.96,24,converged,5
00102122,0.00030040740966796875,0.88,22,converged,5
00102113,0.0002002716064453125,0.84,21,converged,5
00102104,5.0067901611328125e-05,0.84,21,converged,4
00102050,1.0013580322265625e-05,0.8,20,cycled,3
00102041,5.0067901611328125e-05,0.84,21,converged,4
00102032,0.00010013580322265625,0.84,21,converged,4
00102023,0.00010013580322265625,0.84,21,converged,4
00102014,5.0067901611328125e-05,0.8,20,cycled,4
00102005,1.0013580322265625e-05,0.76,19,capped,3
00101600,3.337860107421875e-06,0.92,23,converged,3
00101510,2.002716064453125e-05,1.0,25,converged,4
00101501,2.002716064453125e-05,0.92,23,converged,4
00101420,5.0067901611328125e-05,1.0,25,converged,4
00101411,0.00010013580322265625,0.96,24,converged,5
00101402,5.0067901611328125e-05,0.92,23,converged,4
00101330,6.67572021484375e-05,1.0,25,converged,4
00101321,0.0002002716064453125,0.92,23,cycled,5
00101312,0.0002002716064453125,0.84,21,converged,5
00101303,6.67572021484375e-05,1.0,25,converged,4
00101240,5.0067901611328125e-05,0.92,23,converged,4
00101231,0.0002002716064453125,0.96,24,converged,5
00101222,0.00030040740966796875,0.96,24,converged,5
00101213,0.0002002716064453125,0.96,24,converged,5
00101204,5.0067901611328125e-05,0.76,19,converged,4
00101150,2.002716064453125e-05,0.88,22,converged,4
00101141,0.00010013580322265625,0.92,23,converged,5
00101132,0.0002002716064453125,0.92,23,converged,5
00101123,0.0002002716064453125,0.84,21,cycled,5
00101114,0.00010013580322265625,0.72,18,converged,5
00101105,2.002716064453125e-05,0.76,19,converged,4
00101060,3.337860107421875e-06,0.84,21,converged,3
00101051,2.002716064453125e-05,0.84,21,converged,4
00101042,5.0067901611328125e-05,0.84,21,converged,4
00101033,6.67572021484375e-05,0.92,23,converged,4
00101024,5.0067901611328125e-05,0.88,22,converged,4
00101015,2.002716064453125e-05,0.8,20,cycled,4
00101006,3.337860107421875e-06,0.84,21,converged,3
00100700,4.76837158203125e-07,0.88,22,converged,2
00100610,3.337860107421875e-06,1.0,25,converged,3
00100601,3.337860107421875e-06,0.88,22,converged,3
00100520,1.0013580322265625e-05,0.92,23,converged,3
00100511,2.002716064453125e-05,1.0,25,converged,4
00100502,1.0013580322265625e-05,0.96,24,converged,3
00100430,1.6689300537109375e-05,0.92,23,converged,3
00100421,5.0067901611328125e-05,0.92,23,converged,4
00100412,5.0067901611328125e-05,0.92,23,converged,4
00100403,1.6689300537109375e-05,0.88,22,converged,3
00100340,1.6689300537109375e-05,0.92,23,converged,3
00100331,6.67572021484375e-05,0.84,21,capped,4
00100322,0.00010013580322265625,0.92,23,converged,4
00100313,6.67572021484375e-05,0.92,23,converged,4
00100304,1.6689300537109375e-05,0.84,21,converged,3
00100250,1.0013580322265625e-05,0.92,23,converged,3
00100241,5.0067901611328125e-05,0.92,23,converged,4
00100232,0.00010013580322265625,1.0,25,converged,4
00100223,0.00010013580322265625,0.88,22,converged,4
00100214,5.0067901611328125e-05,0.96,24,converged,4
00100205,1.0013580322265625e-05,0.76,19,converged,3
00100160,3.337860107421875e-06,0.88,22,converged,3
00100151,2.002716064453125e-05,0.88,22,converged,4
00100142,5.0067901611328125e-05,0.96,24,converged,4
00100133,6.67572021484375e-05,0.84,21,converged,4
00100124,5.0067901611328125e-05,0.84,21,converged,4
00100115,2.002716064453125e-05,0.72,18,cycled,4
00100106,3.337860107421875e-06,0.84,21,converged,3
00100070,4.76837158203125e-07,0.92,23,converged,2
00100061,3.337860107421875e-06,0.84,21,converged,3
00100052,1.0013580322265625e-05,0.84,21,converged,3
00100043,1.6689300537109375e-05,0.8,20,converged,3
00100034,1.6689300537109375e-05,0.76,19,converged,3
00100025,1.0013580322265625e-05,0.8,20,cycled,3
00100016,3.337860107421875e-06,0.8,20,cycled,3
00100007,4.76837158203125e-07,0.8,20,converged,2
00080000,5.960464477539063e-08,0.8,20,converged,1
00071000,4.76837158203125e-07,0.84,21,converged,2
00070100,4.76837158203125e-07,0.88,22,converged,2
00070010,4.76837158203125e-07,0.8,20,converged,2
00070001,4.76837158203125e-07,0.84,21,converged,2
00062000,1.6689300537109375e-06,0.84,21,converged,2
00061100,3.337860107421875e-06,0.84,21,converged,3
00061010,3.337860107421875e-06,0.8,20,converged,3
00061001,3.337860107421875e-06,0.76,19,converged,3
00060200,1.6689300537109375e-06,0.96,24,converged,2
00060110,3.337860107421875e-06,0.88,22,converged,3
00060101,3.337860107421875e-06,0.88,22,converged,3
00060020,1.6689300537109375e-06,0.84,21,converged,2
00060011,3.337860107421875e-06,0.76,19,converged,3
00060002,1.6689300537109375e-06,0.88,22,converged,2
00053000,3.337860107421875e-06,0.76,19,capped,2
00052100,1.0013580322265625e-05,0.92,23,converged,3
00052010,1.0013580322265625e-05,0.76,19,capped,3
00052001,1.0013580322265625e-05,0.72,18,converged,3
00051200,1.0013580322265625e-05,0.8,20,converged,3
00051110,2.002716064453125e-05,0.96,24,converged,4
00051101,2.002716064453125e-05,0.84,21,converged,4
00051020,1.0013580322265625e-05,0.88,22,converged,3
00051011,2.002716064453125e-05,0.72,18,converged,4
00051002,1.0013580322265625e-05,0.88,22,converged,3
00050300,3.337860107421875e-06,0.84,21,converged,2
00050210,1.0013580322265625e-05,0.92,23,converged,3
00050201,1.0013580322265625e-05,0.84,21,converged,3
00050120,1.0013580322265625e-05,0.8,20,converged,3
00050111,2.002716064453125e-05,0.88,22,converged,4
00050102,1.0013580322265625e-05,0.8,20,converged,3
00050030,3.337860107421875e-06,0.88,22,converged,2
00050021,1.0013580322265625e-05,0.8,20,converged,3
00050012,1.0013580322265625e-05,0.96,24,converged,3
00050003,3.337860107421875e-06,0.92,23,converged,2
00044000,4.172325134277344e-06,0.92,23,converged,2
00043100,1.6689300537109375e-05,0.84,21,converged,3
00043010,1.6689300537109375e-05,0.84,21,converged,3
00043001,1.6689300537109375e-05,0.84,21,converged,3
00042200,2.5033950805664062e-05,0.84,21,converged,3
00042110,5.0067901611328125e-05,0.96,24,converged,4
00042101,5.0067901611328125e-05,0.8,20,converged,4
00042020,2.5033950805664062e-05,0.84,21,converged,3
00042011,5.0067901611328125e-05,0.76,19,converged,4
00042002,2.5033950805664062e-05,0.84,21,converged,3
00041300,1.6689300537109375e-05,0.88,22,converged,3
00041210,5.0067901611328125e-05,0.8,20,cycled,4
00041201,5.0067901611328125e-05,0.84,21,converged,4
00041120,5.0067901611328125e-05,0.92,23,converged,4
00041111,0.00010013580322265625,1.0,25,converged,5
00041102,5.0067901611328125e-05,0.84,21,converged,4
00041030,1.6689300537109375e-05,0.92,23,converged,3
00041021,5.0067901611328125e-05,0.8,20,converged,4
00041012,5.0067901611328125e-05,0.8,20,converged,4
00041003,1.6689300537109375e-05,0.96,24,converged,3
00040400,4.172325134277344e-06,0.96,24,converged,2
00040310,1.6689300537109375e-05,0.92,23,converged,3
00040301,1.6689300537109375e-05,0.88,22,converged,3
00040220,2.5033950805664062e-05,0.92,23,converged,3
00040211,5.0067901611328125e-05,0.84,21,converged,4
00040202,2.5033950805664062e-05,0.84,21,converged,3
00040130,1.6689300537109375e-05,0.88,22,converged,3
00040121,5.0067901611328125e-05,0.84,21,converged,4
00040112,5.0067901611328125e-05,0.88,22,converged,4
00040103,1.6689300537109375e-05,0.88,22,converged,3
00040040,4.172325134277344e-06,0.88,22,converged,2
00040031,1.6689300537109375e-05,0.88,22,converged,3
00040022,2.5033950805664062e-05,0.92,23,converged,3
00040013,1.6689300537109375e-05,1.0,25,converged,3
00040004,4.172325134277344e-06,0.72,18,cycled,2
00035000,3.337860107421875e-06,0.88,22,converged,2
00034100,1.6689300537109375e-05,0.8,20,converged,3
00034010,1.6689300537109375e-05,0.92,23,converged,3
00034001,1.6689300537109375e-05,0.84,21,converged,3
00033200,3.337860107421875e-05,0.92,23,converged,3
00033110,6.67572021484375e-05,0.8,20,converged,4
00033101,6.67572021484375e-05,0.8,20,converged,4
00033020,3.337860107421875e-05,0.8,20,converged,3
00033011,6.67572021484375e-05,0.96,24,converged,4
00033002,3.337860107421875e-05,0.88,22,converged,3
00032300,3.337860107421875e-05,0.84,21,converged,3
00032210,0.00010013580322265625,0.84,21,converged,4
00032201,0.00010013580322265625,0.92,23,converged,4
00032120,0.00010013580322265625,0.8,20,converged,4
00032111,0.0002002716064453125,0.76,19,converged,5
00032102,0.00010013580322265625,0.84,21,converged,4
00032030,3.337860107421875e-05,0.88,22,converged,3
00032021,0.00010013580322265625,0.88,22,converged,4
00032012,0.00010013580322265625,0.92,23,converged,4
00032003,3.337860107421875e-05,0.84,21,converged,3
00031400,1.6689300537109375e-05,0.96,24,converged,3
00031310,6.67572021484375e-05,0.92,23,capped,4
00031301,6.67572021484375e-05,0.8,20,converged,4
00031220,0.00010013580322265625,0.76,19,converged,4
00031211,0.0002002716064453125,0.8,20,converged,5
00031202,0.00010013580322265625,0.84,21,converged,4
00031130,6.67572021484375e-05,0.92,23,capped,4
00031121,0.0002002716064453125,0.84,21,converged,5
00031112,0.0002002716064453125,0.8,20,converged,5
00031103,6.67572021484375e-05,0.8,20,converged,4
00031040,1.6689300537109375e-05,0.8,20,converged,3
00031031,6.67572021484375e-05,0.84,21,converged,4
00031022,0.00010013580322265625,0.88,22,converged,4
00031013,6.67572021484375e-05,0.88,22,converged,4
00031004,1.6689300537109375e-05,0.92,23,cycled,3
00030500,3.337860107421875e-06,0.92,23,converged,2
00030410,1.6689300537109375e-05,1.0,25,converged,3
00030401,1.6689300537109375e-05,0.92,23,converged,3
00030320,3.337860107421875e-05,0.92,23,converged,3
00030311,6.67572021484375e-05,0.96,24,converged,4
00030302,3.337860107421875e-05,0.92,23,converged,3
00030230,3.337860107421875e-05,0.96,24,capped,3
00030221,0.00010013580322265625,0.8,20,converged,4
00030212,0.00010013580322265625,0.76,19,converged,4
00030203,3.337860107421875e-05,0.76,19,cycled,3
00030140,1.6689300537109375e-05,0.76,19,converged,3
00030131,6.67572021484375e-05,0.76,19,converged,4
00030122,0.00010013580322265625,0.8,20,cycled,4
00030113,6.67572021484375e-05,0.8,20,cycled,4
00030104,1.6689300537109375e-05,0.76,19,converged,3
00030050,3.337860107421875e-06,0.84,21,converged,2
00030041,1.6689300537109375e-05,0.8,20,converged,3
00030032,3.337860107421875e-05,0.84,21,converged,3
00030023,3.337860107421875e-05,0.92,23,converged,3
00030014,1.6689300537109375e-05,0.8,20,cycled,3
00030005,3.337860107421875e-06,0.88,22,converged,2
00026000,1.6689300537109375e-06,0.84,21,converged,2
00025100,1.0013580322265625e-05,0.8,20,converged,3
00025010,1.0013580322265625e-05,0.84,21,converged,3
00025001,1.0013580322265625e-05,0.8,20,converged,3
00024200,2.5033950805664062e-05,0.88,22,converged,3
00024110,5.0067901611328125e-05,0.76,19,converged,4
00024101,5.0067901611328125e-05,0.8,20,converged,4
00024020,2.5033950805664062e-05,0.84,21,converged,3
00024011,5.0067901611328125e-05,0.8,20,converged,4
00024002,2.5033950805664062e-05,0.84,21,converged,3
00023300,3.337860107421875e-05,0.88,22,converged,3
00023210,0.00010013580322265625,0.84,21,converged,4
00023201,0.00010013580322265625,0.92,23,converged,4
00023120,0.00010013580322265625,0.76,19,converged,4
00023111,0.0002002716064453125,0.76,19,converged,5
00023102,0.00010013580322265625,0.8,20,converged,4
00023030,3.337860107421875e-05,0.72,18,converged,3
00023021,0.00010013580322265625,0.84,21,converged,4
00023012,0.00010013580322265625,0.8,20,converged,4
00023003,3.337860107421875e-05,0.88,22,converged,3
00022400,2.5033950805664062e-05,1.0,25,converged,3
00022310,0.00010013580322265625,0.96,24,converged,4
00022301,0.00010013580322265625,0.88,22,converged,4
00022220,0.00015020370483398438,0.84,21,converged,4
00022211,0.00030040740966796875,0.84,21,converged,5
00022202,0.00015020370483398438,0.88,22,converged,4
00022130,0.00010013580322265625,0.88,22,converged,4
00022121,0.00030040740966796875,0.8,20,converged,5
00022112,0.00030040740966796875,0.84,21,converged,5
00022103,0.00010013580322265625,0.8,20,converged,4
00022040,2.5033950805664062e-05,0.8,20,converged,3
00022031,0.00010013580322265625,0.84,21,converged,4
00022022,0.00015020370483398438,0.76,19,capped,4
00022013,0.00010013580322265625,0.84,21,converged,4
00022004,2.5033950805664062e-05,0.84,21,converged,3
00021500,1.0013580322265625e-05,0.84,21,converged,3
00021410,5.0067901611328125e-05,0.88,22,converged,4
00021401,5.0067901611328125e-05,0.84,21,converged,4
00021320,0.00010013580322265625,0.76,19,converged,4
00021311,0.0002002716064453125,0.8,20,converged,5
00021302,0.00010013580322265625,0.88,22,converged,4
00021230,0.00010013580322265625,0.8,20,converged,4
00021221,0.00030040740966796875,0.8,20,converged,5
00021212,0.00030040740966796875,0.88,22,converged,5
00021203,0.00010013580322265625,0.84,21,converged,4
00021140,5.0067901611328125e-05,0.88,22,cycled,4
00021131,0.0002002716064453125,0.84,21,cycled,5
00021122,0.00030040740966796875,0.84,21,converged,5
00021113,0.0002002716064453125,0.84,21,converged,5
00021104,5.0067901611328125e-05,0.76,19,converged,4
00021050,1.0013580322265625e-05,0.84,21,converged,3
00021041,5.0067901611328125e-05,0.84,21,converged,4
00021032,0.00010013580322265625,0.92,23,converged,4
00021023,0.00010013580322265625,0.84,21,capped,4
00021014,5.0067901611328125e-05,0.92,23,converged,4
00021005,1.0013580322265625e-05,0.76,19,converged,3
00020600,1.6689300537109375e-06,0.84,21,converged,2
00020510,1.0013580322265625e-05,0.92,23,converged,3
00020501,1.0013580322265625e-05,0.92,23,cycled,3
00020420,2.5033950805664062e-05,0.88,22,converged,3
00020411,5.0067901611328125e-05,0.92,23,converged,4
00020402,2.5033950805664062e-05,0.88,22,converged,3
00020330,3.337860107421875e-05,0.92,23,converged,3
00020321,0.00010013580322265625,0.84,21,capped,4
00020312,0.00010013580322265625,0.88,22,converged,4
00020303,3.337860107421875e-05,0.88,22,converged,3
00020240,2.5033950805664062e-05,0.92,23,converged,3
00020231,0.00010013580322265625,0.96,24,converged,4
00020222,0.00015020370483398438,0.92,23,converged,4
00020213,0.00010013580322265625,0.8,20,converged,4
00020204,2.5033950805664062e-05,0.8,20,cycled,3
00020150,1.0013580322265625e-05,0.96,24,converged,3
00020141,5.0067901611328125e-05,0.96,24,converged,4
00020132,0.00010013580322265625,0.88,22,converged,4
00020123,0.00010013580322265625,0.84,21,converged,4
00020114,5.0067901611328125e-05,0.8,20,capped,4
00020105,1.0013580322265625e-05,0.76,19,converged,3
00020060,1.6689300537109375e-06,0.84,21,converged,2
00020051,1.0013580322265625e-05,0.84,21,converged,3
00020042,2.5033950805664062e-05,0.84,21,converged,3
00020033,3.337860107421875e-05,0.84,21,converged,3
00020024,2.5033950805664062e-05,0.84,21,converged,3
00020015,1.0013580322265625e-05,0.88,22,converged,3
00020006,1.6689300537109375e-06,0.84,21,converged,2
00017000,4.76837158203125e-07,0.84,21,converged,2
00016100,3.337860107421875e-06,0.88,22,converged,3
00016010,3.337860107421875e-06,0.88,22,converged,3
00016001,3.337860107421875e-06,0.8,20,converged,3
00015200,1.0013580322265625e-05,0.84,21,converged,3
00015110,2.002716064453125e-05,0.88,22,converged,4
00015101,2.002716064453125e-05,0.88,22,converged,4
00015020,1.0013580322265625e-05,0.88,22,converged,3
00015011,2.002716064453125e-05,0.84,21,converged,4
00015002,1.0013580322265625e-05,0.84,21,converged,3
00014300,1.6689300537109375e-05,0.96,24,converged,3
00014210,5.0067901611328125e-05,0.72,18,capped,4
00014201,5.0067901611328125e-05,0.8,20,converged,4
00014120,5.0067901611328125e-05,0.84,21,converged,4
00014111,0.00010013580322265625,0.92,23,converged,5
00014102,5.0067901611328125e-05,0.76,19,converged,4
00014030,1.6689300537109375e-05,0.84,21,converged,3
00014021,5.0067901611328125e-05,0.84,21,converged,4
00014012,5.0067901611328125e-05,0.84,21,converged,4
00014003,1.6689300537109375e-05,0.92,23,converged,3
00013400,1.6689300537109375e-05,0.84,21,converged,3
00013310,6.67572021484375e-05,0.96,24,converged,4
00013301,6.67572021484375e-05,0.92,23,converged,4
00013220,0.00010013580322265625,0.88,22,converged,4
00013211,0.0002002716064453125,0.88,22,converged,5
00013202,0.00010013580322265625,0.92,23,converged,4
00013130,6.67572021484375e-05,0.88,22,capped,4
00013121,0.0002002716064453125,0.84,21,cycled,5
00013112,0.0002002716064453125,0.8,20,converged,5
00013103,6.67572021484375e-05,0.72,18,converged,4
00013040,1.6689300537109375e-05,0.8,20,converged,3
00013031,6.67572021484375e-05,0.88,22,converged,4
00013022,0.00010013580322265625,0.88,22,converged,4
00013013,6.67572021484375e-05,0.84,21,converged,4
00013004,1.6689300537109375e-05,0.84,21,cycled,3
00012500,1.0013580322265625e-05,0.92,23,converged,3
00012410,5.0067901611328125e-05,0.96,24,converged,4
00012401,5.0067901611328125e-05,0.92,23,converged,4
00012320,0.00010013580322265625,0.96,24,converged,4
00012311,0.0002002716064453125,0.88,22,converged,5
00012302,0.00010013580322265625,0.88,22,converged,4
00012230,0.00010013580322265625,0.88,22,cycled,4
00012221,0.00030040740966796875,0.88,22,converged,5
00012212,0.00030040740966796875,0.88,22,converged,5
00012203,0.00010013580322265625,0.88,22,converged,4
00012140,5.0067901611328125e-05,0.92,23,cycled,4
00012131,0.0002002716064453125,0.8,20,cycled,5
00012122,0.00030040740966796875,0.8,20,converged,5
00012113,0.0002002716064453125,0.84,21,converged,5
00012104,5.0067901611328125e-05,0.8,20,converged,4
00012050,1.0013580322265625e-05,0.88,22,converged,3
00012041,5.0067901611328125e-05,0.8,20,converged,4
00012032,0.00010013580322265625,0.84,21,converged,4
00012023,0.00010013580322265625,0.88,22,converged,4
00012014,5.0067901611328125e-05,0.8,20,converged,4
00012005,1.0013580322265625e-05,0.8,20,converged,3
00011600,3.337860107421875e-06,0.84,21,converged,3
00011510,2.002716064453125e-05,0.96,24,converged,4
00011501,2.002716064453125e-05,0.88,22,converged,4
00011420,5.0067901611328125e-05,0.96,24,cycled,4
00011411,0.00010013580322265625,1.0,25,converged,5
00011402,5.0067901611328125e-05,0.96,24,converged,4
00011330,6.67572021484375e-05,0.92,23,converged,4
00011321,0.0002002716064453125,0.84,21,converged,5
00011312,0.0002002716064453125,0.84,21,converged,5
00011303,6.67572021484375e-05,0.84,21,converged,4
00011240,5.0067901611328125e-05,0.96,24,capped,4
00011231,0.0002002716064453125,0.92,23,capped,5
00011222,0.00030040740966796875,0.92,23,converged,5
00011213,0.0002002716064453125,0.96,24,converged,5
00011204,5.0067901611328125e-05,0.72,18,converged,4
00011150,2.002716064453125e-05,0.88,22,converged,4
00011141,0.00010013580322265625,0.92,23,converged,5
00011132,0.0002002716064453125,0.92,23,converged,5
00011123,0.0002002716064453125,0.92,23,converged,5
00011114,0.00010013580322265625,0.8,20,converged,5
00011105,2.002716064453125e-05,0.84,21,cycled,4
00011060,3.337860107421875e-06,0.88,22,converged,3
00011051,2.002716064453125e-05,0.84,21,converged,4
00011042,5.0067901611328125e-05,0.84,21,converged,4
00011033,6.67572021484375e-05,0.84,21,converged,4
00011024,5.0067901611328125e-05,0.88,22,converged,4
00011015,2.002716064453125e-05,0.84,21,converged,4
00011006,3.337860107421875e-06,0.8,20,converged,3
00010700,4.76837158203125e-07,0.92,23,converged,2
00010610,3.337860107421875e-06,0.96,24,converged,3
00010601,3.337860107421875e-06,0.92,23,converged,3
00010520,1.0013580322265625e-05,0.96,24,converged,3
00010511,2.002716064453125e-05,0.96,24,converged,4
00010502,1.0013580322265625e-05,0.92,23,converged,3
00010430,1.6689300537109375e-05,0.92,23,converged,3
00010421,5.0067901611328125e-05,0.88,22,converged,4
00010412,5.0067901611328125e-05,0.92,23,converged,4
00010403,1.6689300537109375e-05,0.92,23,converged,3
00010340,1.6689300537109375e-05,0.92,23,converged,3
00010331,6.67572021484375e-05,0.76,19,converged,4
00010322,0.00010013580322265625,0.96,24,converged,4
00010313,6.67572021484375e-05,0.92,23,converged,4
00010304,1.6689300537109375e-05,0.88,22,converged,3
00010250,1.0013580322265625e-05,0.92,23,converged,3
00010241,5.0067901611328125e-05,0.96,24,converged,4
00010232,0.00010013580322265625,0.92,23,converged,4
00010223,0.00010013580322265625,0.92,23,converged,4
00010214,5.0067901611328125e-05,0.84,21,converged,4
00010205,1.0013580322265625e-05,0.76,19,converged,3
00010160,3.337860107421875e-06,0.96,24,converged,3
00010151,2.002716064453125e-05,0.96,24,converged,4
00010142,5.0067901611328125e-05,0.92,23,converged,4
00010133,6.67572021484375e-05,0.96,24,converged,4
00010124,5.0067901611328125e-05,0.88,22,converged,4
00010115,2.002716064453125e-05,0.8,20,converged,4
00010106,3.337860107421875e-06,0.8,20,converged,3
00010070,4.76837158203125e-07,0.88,22,converged,2
00010061,3.337860107421875e-06,0.88,22,converged,3
00010052,1.0013580322265625e-05,0.88,22,converged,3
00010043,1.6689300537109375e-05,0.84,21,converged,3
00010034,1.6689300537109375e-05,0.76,19,converged,3
00010025,1.0013580322265625e-05,0.76,19,converged,3
00010016,3.337860107421875e-06,0.88,22,converged,3
00010007,4.76837158203125e-07,0.76,19,converged,2
00008000,5.960464477539063e-08,0.84,21,converged,1
00007100,4.76837158203125e-07,0.88,22,converged,2
00007010,4.76837158203125e-07,0.84,21,cycled,2
00007001,4.76837158203125e-07,0.84,21,converged,2
00006200,1.6689300537109375e-06,0.96,24,converged,2
00006110,3.337860107421875e-06,0.88,22,converged,3
00006101,3.337860107421875e-06,0.88,22,converged,3
00006020,1.6689300537109375e-06,0.84,21,converged,2
00006011,3.337860107421875e-06,0.84,21,converged,3
00006002,1.6689300537109375e-06,0.96,24,converged,2
00005300,3.337860107421875e-06,0.88,22,converged,2
00005210,1.0013580322265625e-05,0.88,22,converged,3
00005201,1.0013580322265625e-05,0.84,21,converged,3
00005120,1.0013580322265625e-05,0.84,21,converged,3
00005111,2.002716064453125e-05,0.76,19,converged,4
00005102,1.0013580322265625e-05,0.84,21,converged,3
00005030,3.337860107421875e-06,0.88,22,converged,2
00005021,1.0013580322265625e-05,0.84,21,converged,3
00005012,1.0013580322265625e-05,0.8,20,converged,3
00005003,3.337860107421875e-06,0.76,19,converged,2
00004400,4.172325134277344e-06,0.92,23,converged,2
00004310,1.6689300537109375e-05,0.88,22,converged,3
00004301,1.6689300537109375e-05,0.88,22,converged,3
00004220,2.5033950805664062e-05,0.96,24,converged,3
00004211,5.0067901611328125e-05,0.96,24,converged,4
00004202,2.5033950805664062e-05,0.88,22,converged,3
00004130,1.6689300537109375e-05,0.92,23,converged,3
00004121,5.0067901611328125e-05,0.84,21,converged,4
00004112,5.0067901611328125e-05,0.84,21,converged,4
00004103,1.6689300537109375e-05,0.84,21,converged,3
00004040,4.172325134277344e-06,0.8,20,cycled,2
00004031,1.6689300537109375e-05,0.84,21,converged,3
00004022,2.5033950805664062e-05,0.84,21,converged,3
00004013,1.6689300537109375e-05,0.84,21,converged,3
00004004,4.172325134277344e-06,0.84,21,converged,2
00003500,3.337860107421875e-06,0.92,23,converged,2
00003410,1.6689300537109375e-05,1.0,25,converged,3
00003401,1.6689300537109375e-05,0.92,23,converged,3
00003320,3.337860107421875e-05,1.0,25,converged,3
00003311,6.67572021484375e-05,0.88,22,converged,4
00003302,3.337860107421875e-05,0.84,21,converged,3
00003230,3.337860107421875e-05,0.96,24,converged,3
00003221,0.00010013580322265625,0.96,24,converged,4
00003212,0.00010013580322265625,1.0,25,converged,4
00003203,3.337860107421875e-05,0.84,21,converged,3
00003140,1.6689300537109375e-05,0.92,23,converged,3
00003131,6.67572021484375e-05,0.88,22,converged,4
00003122,0.00010013580322265625,0.88,22,converged,4
00003113,6.67572021484375e-05,0.92,23,converged,4
00003104,1.6689300537109375e-05,0.68,17,converged,3
00003050,3.337860107421875e-06,0.84,21,converged,2
00003041,1.6689300537109375e-05,0.88,22,converged,3
00003032,3.337860107421875e-05,0.92,23,converged,3
00003023,3.337860107421875e-05,0.84,21,converged,3
00003014,1.6689300537109375e-05,0.84,21,converged,3
00003005,3.337860107421875e-06,0.8,20,cycled,2
00002600,1.6689300537109375e-06,1.0,25,converged,2
00002510,1.0013580322265625e-05,1.0,25,converged,3
00002501,1.0013580322265625e-05,0.96,24,converged,3
00002420,2.5033950805664062e-05,0.96,24,converged,3
00002411,5.0067901611328125e-05,1.0,25,converged,4
00002402,2.5033950805664062e-05,1.0,25,converged,3
00002330,3.337860107421875e-05,0.88,22,converged,3
00002321,0.00010013580322265625,0.92,23,converged,4
00002312,0.00010013580322265625,0.84,21,converged,4
00002303,3.337860107421875e-05,0.88,22,converged,3
00002240,2.5033950805664062e-05,0.88,22,converged,3
00002231,0.00010013580322265625,0.92,23,converged,4
00002222,0.00015020370483398438,0.96,24,converged,4
00002213,0.00010013580322265625,0.96,24,converged,4
00002204,2.5033950805664062e-05,0.84,21,converged,3
00002150,1.0013580322265625e-05,0.88,22,converged,3
00002141,5.0067901611328125e-05,0.92,23,converged,4
00002132,0.00010013580322265625,0.88,22,converged,4
00002123,0.00010013580322265625,0.84,21,converged,4
00002114,5.0067901611328125e-05,0.68,17,converged,4
00002105,1.0013580322265625e-05,0.68,17,converged,3
00002060,1.6689300537109375e-06,0.84,21,converged,2
00002051,1.0013580322265625e-05,0.84,21,converged,3
00002042,2.5033950805664062e-05,0.8,20,converged,3
00002033,3.337860107421875e-05,0.84,21,converged,3
00002024,2.5033950805664062e-05,0.88,22,converged,3
00002015,1.0013580322265625e-05,0.88,22,converged,3
00002006,1.6689300537109375e-06,0.76,19,cycled,2
00001700,4.76837158203125e-07,0.92,23,converged,2
00001610,3.337860107421875e-06,1.0,25,converged,3
00001601,3.337860107421875e-06,0.88,22,converged,3
00001520,1.0013580322265625e-05,0.92,23,converged,3
00001511,2.002716064453125e-05,0.96,24,converged,4
00001502,1.0013580322265625e-05,0.92,23,converged,3
00001430,1.6689300537109375e-05,0.96,24,converged,3
00001421,5.0067901611328125e-05,0.92,23,converged,4
00001412,5.0067901611328125e-05,0.92,23,converged,4
00001403,1.6689300537109375e-05,0.92,23,converged,3
00001340,1.6689300537109375e-05,0.92,23,converged,3
00001331,6.67572021484375e-05,1.0,25,converged,4
00001322,0.00010013580322265625,0.92,23,converged,4
00001313,6.67572021484375e-05,0.88,22,converged,4
00001304,1.6689300537109375e-05,0.88,22,converged,3
00001250,1.0013580322265625e-05,0.88,22,converged,3
00001241,5.0067901611328125e-05,0.92,23,converged,4
00001232,0.00010013580322265625,1.0,25,capped,4
00001223,0.00010013580322265625,1.0,25,converged,4
00001214,5.0067901611328125e-05,0.84,21,capped,4
00001205,1.0013580322265625e-05,0.72,18,converged,3
00001160,3.337860107421875e-06,0.88,22,converged,3
00001151,2.002716064453125e-05,0.92,23,converged,4
00001142,5.0067901611328125e-05,0.92,23,converged,4
00001133,6.67572021484375e-05,0.92,23,converged,4
00001124,5.0067901611328125e-05,0.8,20,converged,4
00001115,2.002716064453125e-05,0.68,17,converged,4
00001106,3.337860107421875e-06,0.8,20,converged,3
00001070,4.76837158203125e-07,0.92,23,converged,2
00001061,3.337860107421875e-06,0.92,23,converged,3
00001052,1.0013580322265625e-05,0.84,21,converged,3
00001043,1.6689300537109375e-05,0.8,20,converged,3
00001034,1.6689300537109375e-05,0.72,18,converged,3
00001025,1.0013580322265625e-05,0.84,21,converged,3
00001016,3.337860107421875e-06,0.8,20,cycled,3
00001007,4.76837158203125e-07,0.76,19,converged,2
00000800,5.960464477539063e-08,0.88,22,converged,1
00000710,4.76837158203125e-07,0.88,22,converged,2
00000701,4.76837158203125e-07,0.84,21,converged,2
00000620,1.6689300537109375e-06,0.92,23,converged,2
00000611,3.337860107421875e-06,0.88,22,converged,3
00000602,1.6689300537109375e-06,0.84,21,converged,2
00000530,3.337860107421875e-06,0.96,24,converged,2
00000521,1.0013580322265625e-05,0.96,24,converged,3
00000512,1.0013580322265625e-05,0.88,22,converged,3
00000503,3.337860107421875e-06,0.8,20,converged,2
00000440,4.172325134277344e-06,0.96,24,converged,2
00000431,1.6689300537109375e-05,0.88,22,converged,3
00000422,2.5033950805664062e-05,0.92,23,converged,3
00000413,1.6689300537109375e-05,0.88,22,converged,3
00000404,4.172325134277344e-06,0.84,21,converged,2
00000350,3.337860107421875e-06,0.96,24,converged,2
00000341,1.6689300537109375e-05,0.96,24,converged,3
00000332,3.337860107421875e-05,1.0,25,converged,3
00000323,3.337860107421875e-05,0.88,22,converged,3
00000314,1.6689300537109375e-05,0.88,22,converged,3
00000305,3.337860107421875e-06,0.84,21,converged,2
00000260,1.6689300537109375e-06,0.88,22,cycled,2
00000251,1.0013580322265625e-05,0.92,23,converged,3
00000242,2.5033950805664062e-05,0.92,23,converged,3
00000233,3.337860107421875e-05,0.8,20,converged,3
00000224,2.5033950805664062e-05,0.84,21,converged,3
00000215,1.0013580322265625e-05,0.76,19,converged,3
00000206,1.6689300537109375e-06,0.68,17,converged,2
00000170,4.76837158203125e-07,0.92,23,converged,2
00000161,3.337860107421875e-06,0.96,24,converged,3
00000152,1.0013580322265625e-05,0.92,23,converged,3
00000143,1.6689300537109375e-05,0.96,24,converged,3
00000134,1.6689300537109375e-05,0.96,24,converged,3
00000125,1.0013580322265625e-05,0.84,21,converged,3
00000116,3.337860107421875e-06,0.72,18,converged,3
00000107,4.76837158203125e-07,0.6,15,converged,2
00000080,5.960464477539063e-08,0.92,23,converged,1
00000071,4.76837158203125e-07,0.88,22,converged,2
00000062,1.6689300537109375e-06,0.92,23,converged,2
00000053,3.337860107421875e-06,0.84,21,converged,2
00000044,4.172325134277344e-06,0.76,19,converged,2
00000035,3.337860107421875e-06,0.76,19,capped,2
00000026,1.6689300537109375e-06,0.8,20,converged,2
00000017,4.76837158203125e-07,0.72,18,cycled,2
00000008,5.960464477539063e-08,0.64,16,converged,1
